Country ,Lon,Lat
ACORES,-14.394,-7.969
ACORES,-9.03,38.883
ACORES,-25.171,36.971
ACORES,-6.712,41.868
ACORES,-7.932,38.079
ACORES,-8.445,41.587
ACORES,-8.47,40.157
ACORES,-9.355,38.725
ACORES,-7.48,40.265
ACORES,-7.889,38.533
ACORES,-31.131,39.455
ACORES,-7.966,37.014
ACORES,-28.03,39.092
ACORES,-28.716,38.52
ACORES,-27.093,38.764
ACORES,-8.887,39.831
ACORES,-9.036,38.704
ACORES,-25.698,37.741
ACORES,-28.44,38.554
ACORES,-8.584,37.149
ACORES,-8.681,41.248
ACORES,-28.176,38.665
ACORES,-9.339,38.831
ACORES,-8.364,39.475
ACORES,-7.72,41.274
ACORES,-7.889,40.725
AFGHANISTAN,62.228,34.21
AFGHANISTAN,70.499,34.399
AFGHANISTAN,69.212,34.566
AFGHANISTAN,65.848,31.506
AFGHANISTAN,64.759,35.934
AFGHANISTAN,67.209,36.707
AFGHANISTAN,62.261,33.391
AFGHANISTAN,65.912,36.75
AFGHANISTAN,69.532,36.775
AFGHANISTAN,68.911,36.665
ALBANIA,19.721,41.415
ALGERIA,2.814,36.504
ALGERIA,4.206,35.333
ALGERIA,5.07,36.712
ALGERIA,3.215,36.691
ALGERIA,9.452,24.293
ALGERIA,2.876,36.546
ALGERIA,6.364,36.109
ALGERIA,0.286,26.71
ALGERIA,8.484,26.573
ALGERIA,2.879,35.525
ALGERIA,5.324,36.178
ALGERIA,5.451,22.811
ALGERIA,5.873,36.795
ALGERIA,-0.242,33.536
ALGERIA,0.626,35.752
ALGERIA,7.809,36.822
ALGERIA,6.624,36.277
ALGERIA,8.121,35.431
ALGERIA,3.312,32.93
ALGERIA,1.463,35.341
ALGERIA,-0.805,35.735
ALGERIA,-8.167,27.7
ALGERIA,1.332,36.213
ALGERIA,-0.532,35.542
ALGERIA,-1.45,35.017
ALGERIA,-0.621,35.624
ALGERIA,-0.593,35.172
ALGERIA,0.147,35.208
ALGERIA,-0.186,27.837
ALGERIA,5.738,34.793
ALGERIA,2.859,30.571
ALGERIA,3.794,32.384
ALGERIA,6.14,31.673
ALGERIA,2.512,27.251
ALGERIA,6.089,33.068
ALGERIA,2.927,33.764
ALGERIA,0.276,29.237
ALGERIA,5.413,31.917
ALGERIA,9.643,28.051
ANGOLA,14.247,-6.27
ANGOLA,13.404,-12.609
ANGOLA,12.188,-5.597
ANGOLA,20.804,-7.357
ANGOLA,18.924,-8.374
ANGOLA,22.916,-11.894
ANGOLA,15.687,-17.045
ANGOLA,15.76,-12.809
ANGOLA,16.947,-12.404
ANGOLA,13.536,-12.371
ANGOLA,13.231,-8.858
ANGOLA,16.312,-9.525
ANGOLA,17.72,-14.658
ANGOLA,12.147,-15.261
ANGOLA,15.287,-7.754
ANGOLA,13.765,-10.722
ANGOLA,20.432,-9.689
ANGOLA,12.372,-6.141
ANGOLA,14.248,-7.147
ANGOLA,19.898,-11.768
ANGOLA,15.028,-7.603
ANGOLA,14.965,-16.755
ANGUILLA ISL.,-63.055,18.205
ANTARCTICA,-56.631,-64.238
ANTARCTICA,-58.987,-62.191
ANTILLES,-61.003,14.591
ANTILLES,-63.047,18.1
ANTILLES,-62.85,17.9
ANTILLES,-61.27,15.869
ANTILLES,-61.532,16.265
ANTILLES,-68.268,12.131
ANTILLES,-68.96,12.189
ANTILLES,-62.979,17.496
ANTILLES,-63.109,18.041
ARGENTINA,-91.697,14.521
ARGENTINA,-57.996,-31.297
ARGENTINA,-58.613,-33.006
ARGENTINA,-57.294,-35.348
ARGENTINA,-60.931,-34.546
ARGENTINA,-60.48,-31.795
ARGENTINA,-60.784,-32.903
ARGENTINA,-60.812,-31.712
ARGENTINA,-58.416,-34.559
ARGENTINA,-64.532,-31.007
ARGENTINA,-64.208,-31.324
ARGENTINA,-66.294,-30.345
ARGENTINA,-58.604,-34.501
ARGENTINA,-58.589,-34.453
ARGENTINA,-58.789,-34.561
ARGENTINA,-57.894,-34.972
ARGENTINA,-58.642,-34.676
ARGENTINA,-58.613,-34.61
ARGENTINA,-58.599,-34.731
ARGENTINA,-70.222,-37.444
ARGENTINA,-67.62,-39.001
ARGENTINA,-68.793,-32.832
ARGENTINA,-69.582,-35.484
ARGENTINA,-68.872,-32.866
ARGENTINA,-68.403,-34.588
ARGENTINA,-65.752,-28.596
ARGENTINA,-64.31,-27.766
ARGENTINA,-67.58,-28.038
ARGENTINA,-66.796,-29.381
ARGENTINA,-67.439,-29.224
ARGENTINA,-65.105,-26.841
ARGENTINA,-68.418,-31.571
ARGENTINA,-64.261,-33.086
ARGENTINA,-65.142,-31.941
ARGENTINA,-63.362,-34.135
ARGENTINA,-62.158,-32.684
ARGENTINA,-65.387,-33.73
ARGENTINA,-66.356,-33.273
ARGENTINA,-58.762,-27.445
ARGENTINA,-59.056,-27.45
ARGENTINA,-58.228,-26.212
ARGENTINA,-54.473,-25.738
ARGENTINA,-57.152,-29.689
ARGENTINA,-57.64,-30.272
ARGENTINA,-55.971,-27.386
ARGENTINA,-60.493,-26.756
ARGENTINA,-65.486,-24.856
ARGENTINA,-65.098,-24.393
ARGENTINA,-64.329,-23.153
ARGENTINA,-65.57,-22.162
ARGENTINA,-63.794,-22.62
ARGENTINA,-59.219,-29.106
ARGENTINA,-60.549,-24.721
ARGENTINA,-58.088,-29.223
ARGENTINA,-55.124,-27.518
ARGENTINA,-59.691,-29.21
ARGENTINA,-57.979,-29.771
ARGENTINA,-71.532,-41.943
ARGENTINA,-67.466,-45.785
ARGENTINA,-71.17,-42.031
ARGENTINA,-71.139,-42.908
ARGENTINA,-68.966,-46.538
ARGENTINA,-65.27,-43.21
ARGENTINA,-63,-40.869
ARGENTINA,-65.102,-42.759
ARGENTINA,-72.248,-50.335
ARGENTINA,-65.904,-47.735
ARGENTINA,-67.749,-53.777
ARGENTINA,-69.313,-51.609
ARGENTINA,-68.296,-54.843
ARGENTINA,-67.802,-49.307
ARGENTINA,-70.459,-44.048
ARGENTINA,-72.217,-51.606
ARGENTINA,-68.579,-50.016
ARGENTINA,-62.169,-38.725
ARGENTINA,-61.889,-37.446
ARGENTINA,-57.722,-36.32
ARGENTINA,-60.216,-36.891
ARGENTINA,-63.758,-35.696
ARGENTINA,-60.329,-38.387
ARGENTINA,-61.076,-36.187
ARGENTINA,-56.722,-36.542
ARGENTINA,-57.573,-37.934
ARGENTINA,-68.156,-38.949
ARGENTINA,-58.816,-38.489
ARGENTINA,-61.858,-35.846
ARGENTINA,-64.275,-36.588
ARGENTINA,-71.157,-41.151
ARGENTINA,-59.228,-37.237
ARGENTINA,-57.029,-37.235
ARGENTINA,-69.264,-38.939
ARGENTINA,-71.137,-40.075
ARUBA,-70.015,12.501
AUSTRALIA,153.008,-27.57
AUSTRALIA,142.459,-10.951
AUSTRALIA,133.902,-23.807
AUSTRALIA,153.118,-27.384
AUSTRALIA,153.505,-28.164
AUSTRALIA,145.755,-16.886
AUSTRALIA,146.262,-26.413
AUSTRALIA,139.489,-20.664
AUSTRALIA,153.091,-26.603
AUSTRALIA,149.18,-21.172
AUSTRALIA,151.735,-27.411
AUSTRALIA,148.552,-20.495
AUSTRALIA,150.475,-23.382
AUSTRALIA,146.765,-19.253
AUSTRALIA,141.925,-12.679
AUSTRALIA,144.469,-38.039
AUSTRALIA,146.958,-36.068
AUSTRALIA,144.902,-37.728
AUSTRALIA,147.149,-38.099
AUSTRALIA,147.51,-42.836
AUSTRALIA,147.214,-41.545
AUSTRALIA,145.102,-37.976
AUSTRALIA,144.843,-37.673
AUSTRALIA,144.753,-37.932
AUSTRALIA,138.531,-34.945
AUSTRALIA,137.717,-32.507
AUSTRALIA,138.621,-34.703
AUSTRALIA,115.881,-32.097
AUSTRALIA,116.773,-20.712
AUSTRALIA,121.462,-30.789
AUSTRALIA,128.707,-15.778
AUSTRALIA,114.089,-22.236
AUSTRALIA,118.626,-20.378
AUSTRALIA,138.633,-34.793
AUSTRALIA,115.967,-31.94
AUSTRALIA,136.817,-31.144
AUSTRALIA,150.988,-33.924
AUSTRALIA,149.194,-35.308
AUSTRALIA,153.116,-30.321
AUSTRALIA,150.687,-34.04
AUSTRALIA,148.575,-32.217
AUSTRALIA,167.939,-29.041
AUSTRALIA,150.781,-33.601
AUSTRALIA,151.177,-33.946
AUSTRALIA,150.847,-31.084
AUSTRALIA,147.466,-35.165
AUSTRIA,16.26,47.843
AUSTRIA,14.041,48.183
AUSTRIA,15.433,47
AUSTRIA,11.344,47.26
AUSTRIA,14.333,46.65
AUSTRIA,14.183,48.233
AUSTRIA,16.5,48
AUSTRIA,13.004,47.793
AUSTRIA,16.57,48.11
AUSTRIA,15.439,46.991
AUSTRIA,14.338,46.642
AUSTRIA,14.188,48.233
AUSTRIA,16.112,48.321
AUSTRIA,14.744,47.203
BAHAMAS,-77.684,24.288
BAHAMAS,-77.796,24.698
BAHAMAS,-77.59,24.159
BAHAMAS,-77.083,26.511
BAHAMAS,-78.049,25.054
BAHAMAS,-73.971,22.442
BAHAMAS,-77.395,26.004
BAHAMAS,-77.391,26.745
BAHAMAS,-77.881,25.417
BAHAMAS,-77.84,25.738
BAHAMAS,-79.264,25.7
BAHAMAS,-75.674,24.629
BAHAMAS,-75.454,24.315
BAHAMAS,-74.182,22.746
BAHAMAS,-75.878,23.563
BAHAMAS,-76.681,25.476
BAHAMAS,-76.331,25.284
BAHAMAS,-76.832,24.594
BAHAMAS,-76.178,24.892
BAHAMAS,-76.439,24.169
BAHAMAS,-78.695,26.559
BAHAMAS,-78.978,26.686
BAHAMAS,-73.667,20.975
BAHAMAS,-75.093,23.179
BAHAMAS,-75.269,23.583
BAHAMAS,-73.013,22.379
BAHAMAS,-77.466,25.039
BAHAMAS,-75.729,22.182
BAHAMAS,-74.524,24.063
BAHRAIN,50.634,26.271
BAHRAIN,50.591,25.918
BANGLADESH,91.964,21.452
BANGLADESH,91.813,22.249
BANGLADESH,89.049,24.152
BANGLADESH,89.161,23.184
BANGLADESH,88.616,24.437
BANGLADESH,88.909,25.759
BANGLADESH,91.867,24.963
BANGLADESH,90.382,23.778
BANGLADESH,90.398,23.843
BARBADOS,-59.492,13.074
BELGIUM,4.463,51.19
BELGIUM,4.768,50.759
BELGIUM,5.471,51.168
BELGIUM,4.499,50.902
BELGIUM,4.5,51.333
BELGIUM,5.229,49.887
BELGIUM,4.454,50.459
BELGIUM,3.831,50.576
BELGIUM,2.653,51.09
BELGIUM,4.649,50.244
BELGIUM,3.208,50.818
BELGIUM,5.443,50.637
BELGIUM,2.862,51.199
BELGIUM,5.592,50.948
BELGIUM,5.193,50.788
BELGIUM,3.474,51.144
BELGIUM,4.961,51.395
BELGIUM,4.755,51.266
BELIZE,-88.308,17.539
BENIN,2.384,6.357
BENIN,2.609,9.357
BHUTAN,89.426,27.403
BOLIVIA,-68.411,-14.739
BOLIVIA,-63.092,-15.719
BOLIVIA,-64.315,-22.769
BOLIVIA,-63.527,-20.007
BOLIVIA,-66.177,-17.421
BOLIVIA,-65.141,-16.99
BOLIVIA,-69.434,-17.594
BOLIVIA,-68.783,-11.04
BOLIVIA,-62.026,-16.143
BOLIVIA,-65.346,-10.822
BOLIVIA,-64.662,-13.053
BOLIVIA,-68.192,-16.513
BOLIVIA,-64.063,-13.254
BOLIVIA,-67.076,-17.963
BOLIVIA,-65.724,-19.543
BOLIVIA,-57.821,-18.975
BOLIVIA,-64.605,-13.264
BOLIVIA,-59.766,-18.328
BOLIVIA,-66.073,-11.01
BOLIVIA,-67.501,-14.428
BOLIVIA,-67.354,-14.306
BOLIVIA,-65.435,-13.762
BOLIVIA,-66.737,-14.857
BOLIVIA,-60.963,-16.384
BOLIVIA,-65.634,-14.966
BOLIVIA,-65.289,-19.007
BOLIVIA,-58.402,-16.339
BOLIVIA,-64.701,-21.556
BOLIVIA,-64.918,-14.819
BOLIVIA,-63.135,-17.645
BOPHUTHATSWANA,26.823,-29.319
BOSNIA-HERCEGOVINA,17.298,44.941
BOSNIA-HERCEGOVINA,17.846,43.283
BOSNIA-HERCEGOVINA,18.331,43.824
BOTSWANA,27.474,-21.159
BOTSWANA,24.691,-24.602
BOTSWANA,25.162,-17.833
BOTSWANA,23.431,-19.972
BOTSWANA,25.32,-21.266
BOTSWANA,25.918,-24.555
BOTSWANA,27.829,-22.058
BRAZIL,-100.981,29.332
BRAZIL,-49.301,-8.348
BRAZIL,-43.384,-22.875
BRAZIL,-50.862,2.077
BRAZIL,-48.133,-21.812
BRAZIL,-37.07,-10.984
BRAZIL,-50.456,-22.638
BRAZIL,-56.106,-9.866
BRAZIL,-50.425,-21.141
BRAZIL,-52.972,-22.526
BRAZIL,-48.476,-1.379
BRAZIL,-54.112,-31.39
BRAZIL,-43.95,-19.852
BRAZIL,-49.232,-25.405
BRAZIL,-43.761,-21.267
BRAZIL,-47.913,-15.862
BRAZIL,-49.054,-22.345
BRAZIL,-60.69,2.846
BRAZIL,-52.389,-15.861
BRAZIL,-53.501,-25
BRAZIL,-54.965,-9.334
BRAZIL,-43.969,-19.634
BRAZIL,-54.672,-20.469
BRAZIL,-52.656,-27.134
BRAZIL,-47.459,-7.32
BRAZIL,-49.425,-28.726
BRAZIL,-51.144,-29.946
BRAZIL,-41.302,-21.698
BRAZIL,-57.673,-19.012
BRAZIL,-49.176,-25.528
BRAZIL,-39.253,-17.652
BRAZIL,-51.188,-29.197
BRAZIL,-56.117,-15.653
BRAZIL,-72.769,-7.6
BRAZIL,-51.424,-22.175
BRAZIL,-60.05,-3.039
BRAZIL,-57.777,-6.233
BRAZIL,-42.093,-22.813
BRAZIL,-47.383,-20.592
BRAZIL,-54.487,-25.596
BRAZIL,-48.548,-27.672
BRAZIL,-32.423,-3.855
BRAZIL,-49.187,-20.278
BRAZIL,-46.335,-20.703
BRAZIL,-38.532,-3.776
BRAZIL,-43.244,-22.809
BRAZIL,-65.285,-10.786
BRAZIL,-49.222,-16.631
BRAZIL,-46.469,-23.432
BRAZIL,-50.144,-25.184
BRAZIL,-45.205,-22.791
BRAZIL,-52.254,-3.254
BRAZIL,-58.481,-3.127
BRAZIL,-56.001,-4.242
BRAZIL,-39.033,-14.816
BRAZIL,-42.488,-19.471
BRAZIL,-49.213,-18.444
BRAZIL,-47.46,-5.531
BRAZIL,-48.461,-1.414
BRAZIL,-43.387,-21.791
BRAZIL,-35.896,-7.27
BRAZIL,-48.797,-26.225
BRAZIL,-47.134,-23.008
BRAZIL,-50.281,-27.782
BRAZIL,-49.73,-21.664
BRAZIL,-51.13,-23.334
BRAZIL,-43.408,-13.262
BRAZIL,-43.896,-19.661
BRAZIL,-49.138,-5.368
BRAZIL,-52.602,-0.89
BRAZIL,-51.907,-23.44
BRAZIL,-43.819,-16.707
BRAZIL,-49.926,-22.197
BRAZIL,-59.986,-3.146
BRAZIL,-35.793,-9.51
BRAZIL,-51.072,0.051
BRAZIL,-37.364,-5.202
BRAZIL,-46.638,-23.509
BRAZIL,-61.279,-5.811
BRAZIL,-48.651,-26.88
BRAZIL,-54.169,-28.282
BRAZIL,-35.248,-5.911
BRAZIL,-51.797,3.855
BRAZIL,-51.171,-29.994
BRAZIL,-41.732,-2.894
BRAZIL,-46.568,-21.843
BRAZIL,-52.326,-28.244
BRAZIL,-52.328,-31.718
BRAZIL,-40.564,-9.364
BRAZIL,-48.4,-10.719
BRAZIL,-55.703,-22.549
BRAZIL,-63.902,-8.709
BRAZIL,-40.863,-14.862
BRAZIL,-67.894,-9.869
BRAZIL,-34.923,-8.126
BRAZIL,-52.166,-32.083
BRAZIL,-43.163,-22.91
BRAZIL,-47.774,-21.134
BRAZIL,-43.719,-22.932
BRAZIL,-45.861,-23.229
BRAZIL,-44.236,-2.589
BRAZIL,-53.688,-29.711
BRAZIL,-46.655,-23.627
BRAZIL,-49.406,-20.816
BRAZIL,-46.288,-23.925
BRAZIL,-38.331,-12.911
BRAZIL,-56.397,-1.489
BRAZIL,-42.823,-5.06
BRAZIL,-64.724,-3.383
BRAZIL,-70.783,-8.155
BRAZIL,-50.651,-24.317
BRAZIL,-55.946,2.223
BRAZIL,-69.936,-4.256
BRAZIL,-49.719,-3.785
BRAZIL,-66.986,-0.148
BRAZIL,-38.251,-9.401
BRAZIL,-57.038,-29.782
BRAZIL,-48.226,-18.883
BRAZIL,-51.565,-20.777
BRAZIL,-47.965,-19.765
BRAZIL,-45.473,-21.59
BRAZIL,-60.098,-12.694
BRAZIL,-40.289,-20.256
BRAZIL,-69.186,0.607
BRAZIL,-47.338,-21.985
BRUNEI,114.928,4.946
BULGARIA,27.514,42.569
BULGARIA,25.713,43.151
BULGARIA,24.851,42.068
BULGARIA,23.406,42.695
BULGARIA,25.655,42.377
BULGARIA,27.825,43.232
BURKINA FASO,-1.512,12.353
BURKINA FASO,-4.331,11.16
BURUNDI,29.318,-3.324
CAMBODIA,103.224,13.096
CAMBODIA,104.564,12.255
CAMBODIA,104.844,11.546
CAMBODIA,103.813,13.411
CAMBODIA,106.014,13.531
CAMEROON,9.36,4.089
CAMEROON,9.719,4.006
CAMEROON,14.364,4.473
CAMEROON,14.257,10.451
CAMEROON,10.751,5.637
CAMEROON,13.559,7.357
CAMEROON,13.37,9.336
CAMEROON,10.354,5.537
CAMEROON,10.123,6.039
CAMEROON,11.524,3.835
CANADA,-84.509,46.485
CANADA,-97.032,50.056
CANADA,-63.499,44.64
CANADA,-56.084,51.392
CANADA,-125.772,49.082
CANADA,-89.808,68.534
CANADA,-68.207,49.132
CANADA,-70.996,48.331
CANADA,-96.078,64.299
CANADA,-125.271,49.951
CANADA,-99.952,49.91
CANADA,-105.138,69.108
CANADA,-123.87,49.052
CANADA,-117.632,49.296
CANADA,-65.449,47.008
CANADA,-66.331,47.991
CANADA,-115.144,67.817
CANADA,-111.445,52.075
CANADA,-121.939,49.153
CANADA,-68.517,70.486
CANADA,-115.874,50.332
CANADA,-139.128,64.043
CANADA,-139.041,61.371
CANADA,-120.512,49.468
CANADA,-57.391,49.211
CANADA,-130.032,58.422
CANADA,-100.052,51.101
CANADA,-120.182,55.742
CANADA,-113.467,53.667
CANADA,-113.58,53.31
CANADA,-94.071,61.094
CANADA,-102.966,49.21
CANADA,-116.465,53.579
CANADA,-85.813,79.995
CANADA,-133.483,68.304
CANADA,-68.556,63.756
CANADA,-66.532,45.869
CANADA,-69.097,48.746
CANADA,-101.682,54.678
CANADA,-113.69,61.181
CANADA,-121.237,61.76
CANADA,-76.597,44.225
CANADA,-77.704,53.625
CANADA,-64.479,48.775
CANADA,-86.939,49.778
CANADA,-61.778,47.425
CANADA,-77.767,55.283
CANADA,-94.7,56.35
CANADA,-102.311,52.817
CANADA,-92.744,49.832
CANADA,-117.806,70.763
CANADA,-95.85,68.636
CANADA,-79.935,43.173
CANADA,-73.417,45.517
CANADA,-115.783,60.84
CANADA,-63.509,44.881
CANADA,-91.639,48.774
CANADA,-77.967,72.683
CANADA,-73.281,45.294
CANADA,-58.55,48.544
CANADA,-120.442,50.702
CANADA,-80.384,43.459
CANADA,-66.805,54.805
CANADA,-109.181,51.517
CANADA,-79.37,43.862
CANADA,-83.346,47.82
CANADA,-108.523,54.125
CANADA,-110.072,53.309
CANADA,-62.281,82.518
CANADA,-119.378,49.956
CANADA,-135.867,63.617
CANADA,-105.559,50.33
CANADA,-111.222,56.653
CANADA,-80.608,51.291
CANADA,-75.99,46.274
CANADA,-74.039,45.68
CANADA,-61.789,50.19
CANADA,-75.564,45.521
CANADA,-77.803,49.762
CANADA,-139.839,67.571
CANADA,-110.279,54.405
CANADA,-117.165,58.621
CANADA,-75.669,45.323
CANADA,-105.673,53.214
CANADA,-117.447,56.227
CANADA,-98.275,49.903
CANADA,-122.71,49.216
CANADA,-90.214,51.446
CANADA,-64.289,49.836
CANADA,-78.363,44.23
CANADA,-130.445,54.286
CANADA,-111.117,58.767
CANADA,-79.303,44.975
CANADA,-71.398,46.788
CANADA,-113.893,52.179
CANADA,-82.956,42.276
CANADA,-128.822,60.118
CANADA,-94.363,49.788
CANADA,-112.8,49.63
CANADA,-64.679,46.112
CANADA,-86.696,50.183
CANADA,-124.887,49.711
CANADA,-104.666,50.432
CANADA,-89.324,48.372
CANADA,-118.885,55.18
CANADA,-102.462,51.265
CANADA,-108.244,52.769
CANADA,-54.568,48.937
CANADA,-60.048,46.161
CANADA,-122.51,53.026
CANADA,-94.969,74.717
CANADA,-69.585,47.764
CANADA,-72.266,48.52
CANADA,-114.904,52.43
CANADA,-92.116,62.811
CANADA,-80.799,46.625
CANADA,-71.691,45.438
CANADA,-65.89,45.316
CANADA,-111.96,60.022
CANADA,-84.614,72.982
CANADA,-63.831,46.443
CANADA,-125.243,71.994
CANADA,-76.527,64.23
CANADA,-97.864,55.801
CANADA,-77.528,44.119
CANADA,-81.377,48.57
CANADA,-79.396,43.627
CANADA,-133.026,69.433
CANADA,-73.741,45.468
CANADA,-86.225,66.521
CANADA,-81.244,68.776
CANADA,-78.836,48.206
CANADA,-105.262,55.151
CANADA,-110.824,53.356
CANADA,-64.031,67.546
CANADA,-77.783,48.053
CANADA,-68.427,58.096
CANADA,-126.8,65.282
CANADA,-123.182,49.195
CANADA,-108.418,55.842
CANADA,-81.107,44.746
CANADA,-77.319,45.952
CANADA,-97.234,49.91
CANADA,-66.864,52.922
CANADA,-122.054,52.183
CANADA,-123.437,63.209
CANADA,-115.782,49.61
CANADA,-113.521,53.573
CANADA,-106.7,52.171
CANADA,-110.721,50.019
CANADA,-120.74,56.238
CANADA,-91.904,50.114
CANADA,-65.714,66.145
CANADA,-79.849,47.695
CANADA,-122.679,53.889
CANADA,-128.577,54.466
CANADA,-81.154,43.036
CANADA,-122.363,49.025
CANADA,-135.068,60.709
CANADA,-79.423,46.364
CANADA,-114.02,51.114
CANADA,-127.183,54.825
CANADA,-122.597,58.836
CANADA,-119.602,49.463
CANADA,-63.121,46.29
CANADA,-93.577,69.547
CANADA,-123.426,48.647
CANADA,-101.076,56.864
CANADA,-107.691,50.292
CANADA,-94.065,58.739
CANADA,-60.426,53.319
CANADA,-52.752,47.619
CANADA,-82.468,49.414
CANADA,-88.91,50.29
CANADA,-68.208,48.609
CANADA,-79.631,43.677
CANADA,-79.466,43.742
CANADA,-82.568,45.885
CANADA,-114.44,62.463
CANADA,-114.778,55.293
CANADA,-131.814,53.254
CANADA,-82.309,42.999
CANADA,-127.367,50.681
CANADA,-115.787,54.144
CANADA,-66.266,50.223
CANADA,-132.743,60.173
CANADA,-64.917,44.984
CANADA,-133.376,62.208
CANADA,-134.86,67.408
CANARY ISLANDS,-13.864,28.453
CANARY ISLANDS,-17.887,27.815
CANARY ISLANDS,-15.386,27.932
CANARY ISLANDS,-13.605,28.945
CANARY ISLANDS,-16.572,28.044
CANARY ISLANDS,-16.341,28.482
CAPE VERDE ISLANDS,-22.949,16.741
CAPE VERDE ISLANDS,-22.889,16.137
CAPE VERDE ISLANDS,-23.493,14.924
CAPE VERDE ISLANDS,-23.214,15.156
CAPE VERDE ISLANDS,-24.284,16.588
CAPE VERDE ISLANDS,-25.057,16.834
CAYMAN ISLANDS,-79.883,19.687
CAYMAN ISLANDS,-81.357,19.293
CENTRAL AFRICAN REP.,18.519,4.398
CENTRAL AFRICAN REP.,22.781,4.784
CENTRAL AFRICAN REP.,22.717,10.236
CENTRAL AFRICAN REP.,20.649,5.847
CENTRAL AFRICAN REP.,20.635,8.427
CENTRAL AFRICAN REP.,15.637,5.958
CENTRAL AFRICAN REP.,21.989,6.528
CENTRAL AFRICAN REP.,15.786,4.221
CENTRAL AFRICAN REP.,-89.111,45.154
CHAD,18.379,9.151
CHAD,20.844,13.847
CHAD,16.068,8.62
CHAD,15.034,12.134
CHAD,14.926,9.379
CHAD,19.111,17.917
CHILE,-73.797,-41.906
CHILE,-71.807,-43.615
CHILE,-70.339,-18.348
CHILE,-71.689,-45.916
CHILE,-70.688,-33.562
CHILE,-71.698,-46.582
CHILE,-68.904,-22.499
CHILE,-72.032,-36.583
CHILE,-70.855,-53.003
CHILE,-72.106,-45.594
CHILE,-70.181,-20.535
CHILE,-70.786,-33.393
CHILE,-70.445,-23.444
CHILE,-70.319,-53.254
CHILE,-72.426,-37.402
CHILE,-67.626,-54.931
CHILE,-70.414,-27.296
CHILE,-71.217,-34.967
CHILE,-73.063,-36.773
CHILE,-109.422,-27.165
CHILE,-73.06,-40.611
CHILE,-70.759,-28.598
CHILE,-70.776,-34.174
CHILE,-71.191,-29.916
CHILE,-71.616,-33.657
CHILE,-73.774,-42.491
CHILE,-70.547,-33.456
CHILE,-72.636,-38.769
CHILE,-73.094,-41.439
CHILE,-70.698,-33.493
CHILE,-72.699,-42.933
CHILE,-73.086,-39.65
CHINA,116.584,40.08
CHINA,111.822,40.853
CHINA,119.825,49.205
CHINA,114.696,38.281
CHINA,117.346,39.124
CHINA,112.629,37.747
CHINA,113.266,23.184
CHINA,113.219,28.189
CHINA,110.039,25.218
CHINA,108.172,22.608
CHINA,116.683,23.4
CHINA,113.812,22.639
CHINA,113.841,34.519
CHINA,114.208,30.784
CHINA,111.469,30.552
CHINA,103.622,36.517
CHINA,108.752,34.446
CHINA,100.76,21.975
CHINA,102.743,24.992
CHINA,118.127,24.544
CHINA,115.917,28.6
CHINA,119.662,25.933
CHINA,120.432,30.228
CHINA,121.465,29.825
CHINA,118.86,31.74
CHINA,117.298,31.78
CHINA,120.375,36.263
CHINA,121.336,31.198
CHINA,121.372,37.402
CHINA,106.641,29.719
CHINA,103.947,30.578
CHINA,102.184,27.989
CHINA,76.022,39.543
CHINA,79.866,37.038
CHINA,87.474,43.907
CHINA,126.25,45.623
CHINA,130.465,46.843
CHINA,129.569,44.524
CHINA,121.538,38.966
CHINA,129.448,42.882
CHRISTMAS ISLAND,105.69,-10.451
COLOMBIA,63.03,25.986
COLOMBIA,-75.765,4.454
COLOMBIA,-76.501,0.505
COLOMBIA,-73.975,9.045
COLOMBIA,-73.185,7.126
COLOMBIA,-74.147,4.701
COLOMBIA,-74.781,10.889
COLOMBIA,-77.394,6.203
COLOMBIA,-76.99,3.819
COLOMBIA,-72.511,7.928
COLOMBIA,-76.676,5.072
COLOMBIA,-75.513,10.442
COLOMBIA,-76.381,3.543
COLOMBIA,-78.749,1.814
COLOMBIA,-75.286,9.332
COLOMBIA,-73.807,7.024
COLOMBIA,-75.564,1.59
COLOMBIA,-74.797,4.276
COLOMBIA,-75.956,4.758
COLOMBIA,-77.898,2.57
COLOMBIA,-74.065,4.812
COLOMBIA,-75.133,4.421
COLOMBIA,-77.672,0.862
COLOMBIA,-76.716,7.812
COLOMBIA,-72.49,11.232
COLOMBIA,-69.943,-4.193
COLOMBIA,-75.591,6.22
COLOMBIA,-74.839,9.283
COLOMBIA,-75.826,8.824
COLOMBIA,-70.234,1.254
COLOMBIA,-75.465,5.03
COLOMBIA,-75.294,2.95
COLOMBIA,-73.358,8.315
COLOMBIA,-74.715,7.01
COLOMBIA,-71.985,12.221
COLOMBIA,-67.493,6.184
COLOMBIA,-75.739,4.813
COLOMBIA,-76.086,1.858
COLOMBIA,-76.61,2.454
COLOMBIA,-77.291,1.396
COLOMBIA,-81.358,13.357
COLOMBIA,-74.884,5.213
COLOMBIA,-75.423,6.164
COLOMBIA,-72.926,11.526
COLOMBIA,-71.855,6.958
COLOMBIA,-72.639,2.579
COLOMBIA,-74.231,11.119
COLOMBIA,-81.711,12.583
COLOMBIA,-74.766,2.152
COLOMBIA,-71.658,5.43
COLOMBIA,-71.76,6.451
COLOMBIA,-76.741,8.074
COLOMBIA,-70.737,7.069
COLOMBIA,-76.641,5.691
COLOMBIA,-76.235,4.088
COLOMBIA,-73.249,10.435
COLOMBIA,-73.614,4.168
COLOMBIA,-72.384,5.319
COMOROS ISLANDS,43.272,-11.534
COMOROS ISLANDS,43.766,-12.298
COMOROS ISLANDS,43.244,-11.711
COMOROS ISLANDS,44.43,-12.132
CONGO,15.253,-4.252
CONGO,18.047,1.589
CONGO,15.575,-0.021
CONGO,15.95,-0.531
CONGO,16.038,1.616
CONGO,12.617,-3.483
CONGO,12.661,-4.208
CONGO,11.886,-4.813
COOK ISLANDS,-159.774,-18.825
COOK ISLANDS,-159.806,-21.203
CORSE ISL.,9.483,42.554
CORSE ISL.,8.793,42.531
CORSE ISL.,9.098,41.501
CORSE ISL.,8.803,41.924
CORSE ISL.,9.406,41.924
COSTA RICA,-83.332,9.167
COSTA RICA,-83.586,10.769
COSTA RICA,-82.97,8.601
COSTA RICA,-85.853,10.356
COSTA RICA,-83.472,10.202
COSTA RICA,-83.507,8.916
COSTA RICA,-83.065,8.652
COSTA RICA,-83.182,8.654
COSTA RICA,-83.795,10.217
COSTA RICA,-85.544,10.593
COSTA RICA,-84.706,11.035
COSTA RICA,-83.022,9.958
COSTA RICA,-85.653,9.976
COSTA RICA,-84.209,9.994
COSTA RICA,-82.983,9.732
COSTA RICA,-83.468,8.951
COSTA RICA,-84.142,9.957
COSTA RICA,-84.13,9.443
COSTA RICA,-83.714,10.288
COSTA RICA,-82.959,8.826
CROATIA,18.268,42.561
CROATIA,18.636,45.542
CROATIA,18.811,45.463
CROATIA,13.922,44.893
CROATIA,14.504,45.379
CROATIA,14.57,45.217
CROATIA,16.298,43.539
CROATIA,16.381,46.295
CROATIA,16.069,45.743
CROATIA,15.347,44.108
CROATIA,15.774,44.557
CUBA,-74.506,20.366
CUBA,-76.621,20.396
CUBA,-78.789,22.027
CUBA,-79.47,22.506
CUBA,-78.329,22.461
CUBA,-80.414,22.15
CUBA,-81.546,21.616
CUBA,-77.847,21.42
CUBA,-75.836,19.97
CUBA,-78.203,21.5
CUBA,-75.207,19.906
CUBA,-75.158,20.085
CUBA,-82.409,22.989
CUBA,-76.315,20.786
CUBA,-83.642,22.336
CUBA,-82.275,22.97
CUBA,-82.767,23.007
CUBA,-74.922,20.654
CUBA,-77.089,20.288
CUBA,-75.531,20.689
CUBA,-82.784,21.835
CUBA,-82.579,23.033
CUBA,-83.678,22.421
CUBA,-82.509,22.871
CUBA,-79.944,22.492
CUBA,-84.152,22.095
CUBA,-77.017,21.509
CUBA,-82.955,21.642
CUBA,-79.442,21.971
CUBA,-79.997,21.788
CUBA,-81.435,23.034
CUBA,-76.936,20.988
CYPRUS,33.625,34.875
CYPRUS,32.486,34.718
CYPRUS,32.988,34.59
CZECH REPUBLIC,14.427,48.946
CZECH REPUBLIC,15.676,49.684
CZECH REPUBLIC,15.382,49.939
CZECH REPUBLIC,15.845,50.253
CZECH REPUBLIC,14.544,50.121
CZECH REPUBLIC,17.44,49.029
CZECH REPUBLIC,12.915,50.203
CZECH REPUBLIC,13.274,49.675
CZECH REPUBLIC,15.006,50.54
CZECH REPUBLIC,18.111,49.696
CZECH REPUBLIC,16.125,49.166
CZECH REPUBLIC,15.739,50.013
CZECH REPUBLIC,14.097,49.719
CZECH REPUBLIC,17.405,49.426
CZECH REPUBLIC,14.26,50.101
CZECH REPUBLIC,14.714,49.245
CZECH REPUBLIC,16.694,49.151
CZECH REPUBLIC,14.396,50.216
DENMARK,10.619,56.304
DENMARK,9.152,55.74
DENMARK,12.656,55.618
DENMARK,8.553,55.526
DENMARK,12.382,55.941
DENMARK,8.443,56.397
DENMARK,9.124,56.297
DENMARK,11.001,57.278
DENMARK,11.44,54.699
DENMARK,10.329,55.476
DENMARK,9.279,54.87
DENMARK,12.131,55.586
DENMARK,14.759,55.063
DENMARK,9.792,54.964
DENMARK,10.229,57.503
DENMARK,9.264,55.225
DENMARK,9.173,56.55
DENMARK,8.705,57.069
DENMARK,9.193,55.697
DENMARK,9.331,55.436
DENMARK,9.459,56.847
DENMARK,8.354,55.99
DENMARK,12.343,55.767
DENMARK,9.849,57.093
DIEGO GARCIA ISLAND,72.411,-7.313
DOMINICA,-61.392,15.337
DOMINICA,-61.3,15.547
DOMINICAN REPUBLIC,-69.43,19.199
DOMINICAN REPUBLIC,-71.12,18.251
DOMINICAN REPUBLIC,-71.645,17.929
DOMINICAN REPUBLIC,-70.72,18.908
DOMINICAN REPUBLIC,-69.969,18.471
DOMINICAN REPUBLIC,-68.912,18.452
DOMINICAN REPUBLIC,-68.363,18.567
DOMINICAN REPUBLIC,-70.57,19.757
DOMINICAN REPUBLIC,-69.669,18.429
DOMINICAN REPUBLIC,-69.762,18.504
DOMINICAN REPUBLIC,-70.616,19.409
EAST TIMOR,125.287,-9.303
ECUADOR,-78.574,-1.212
ECUADOR,-79.379,-1.706
ECUADOR,-76.986,-0.463
ECUADOR,-78.984,-2.889
ECUADOR,-79.884,-2.158
ECUADOR,-78.573,-3.423
ECUADOR,-78.136,0.338
ECUADOR,-76.869,0.092
ECUADOR,-79.552,-1.704
ECUADOR,-79.481,-1.501
ECUADOR,-78.616,-0.907
ECUADOR,-79.941,-4.38
ECUADOR,-78.121,-2.299
ECUADOR,-79.962,-3.269
ECUADOR,-76.975,-2.067
ECUADOR,-80.678,-0.946
ECUADOR,-79.804,-2.851
ECUADOR,-79.622,-1.74
ECUADOR,-80.052,0.073
ECUADOR,-80.472,-1.041
ECUADOR,-78.488,-0.141
ECUADOR,-78.656,-1.654
ECUADOR,-79.978,-3.435
ECUADOR,-80.989,-2.205
ECUADOR,-79.214,-0.248
ECUADOR,-89.616,-0.91
ECUADOR,-79.689,-2.261
ECUADOR,-77.819,-0.987
ECUADOR,-76.337,-0.123
ECUADOR,-77.708,0.809
EGYPT,33.836,31.073
EGYPT,31.012,27.046
EGYPT,29.949,31.184
EGYPT,31.612,22.376
EGYPT,31.406,30.122
EGYPT,30.915,30.116
EGYPT,31.192,30.074
EGYPT,33.798,27.184
EGYPT,34.129,31.069
EGYPT,32.706,25.671
EGYPT,27.222,31.325
EGYPT,32.24,31.279
EGYPT,34.063,28.685
EGYPT,32.82,23.964
EGYPT,33.645,28.209
EL SALVADOR,-89.056,13.441
EL SALVADOR,-89.12,13.7
ENGALND,-0.461,51.477
ENGLAND,-7.652,54.399
ENGLAND,-1.748,52.454
ENGLAND,-1.48,52.37
ENGLAND,-1.032,52.608
ENGLAND,-2.167,51.894
ENGLAND,-1.079,52.92
ENGLAND,-2.26,52.517
ENGLAND,-2.275,53.354
ENGLAND,-2.149,53.338
ENGLAND,-4.15,51.087
ENGLAND,-4.995,50.441
ENGLAND,-1.747,51.152
ENGLAND,-5.256,50.086
ENGLAND,-4.961,51.833
ENGLAND,-4.068,51.605
ENGLAND,-2.719,51.383
ENGLAND,-2.85,53.334
ENGLAND,-0.368,51.874
ENGLAND,-4.106,50.423
ENGLAND,-1.843,50.78
ENGLAND,-1.357,50.95
ENGLAND,-1.032,51.185
ENGLAND,-2.195,49.208
ENGLAND,-0.297,50.836
ENGLAND,0.033,51.331
ENGLAND,-0.19,51.148
ENGLAND,0.054,51.505
ENGLAND,-0.776,51.276
ENGLAND,-1.081,51.676
ENGLAND,-0.848,51.324
ENGLAND,0.696,51.571
ENGLAND,1.346,51.342
ENGLAND,-0.566,53.719
ENGLAND,-2.809,54.938
ENGLAND,-3.029,53.772
ENGLAND,-0.351,53.574
ENGLAND,-3.256,54.13
ENGLAND,-1.661,53.866
ENGLAND,-2.978,53.178
ENGLAND,-4.624,54.083
ENGLAND,-1.692,55.038
ENGLAND,-1.429,54.509
ENGLAND,-1.328,52.831
ENGLAND,-4.123,52.812
ENGLAND,-0.783,51.383
ENGLAND,0.175,52.205
ENGLAND,-0.251,52.468
ENGLAND,1.283,52.676
ENGLAND,0.235,51.885
ENGLAND,-1.388,53.394
ENGLAND,-0.617,52.072
ENGLAND,-0.534,51.117
ENGLAND,-3.414,50.734
ENGLAND,-2.591,51.519
ENGLAND,0.25,51.767
ENGLAND,-1.32,51.837
ENGLAND,-1.096,51.616
ENGLAND,0.561,52.409
ENGLAND,0.488,52.361
ENGLAND,-1.79,51.682
ENGLAND,-1.584,51.75
ENGLAND,-2.306,52.64
ENGLAND,-0.166,53.093
ENGLAND,-1.42,54.137
ENGLAND,-1.535,54.292
ENGLAND,-1.195,53.834
ENGLAND,0.773,52.343
ENGLAND,-0.649,52.736
ENGLAND,-1.252,54.049
ENGLAND,1.357,52.755
ENGLAND,-0.481,53.031
ENGLAND,-0.561,52.962
EQUATORIAL GUINEA,9.806,1.905
EQUATORIAL GUINEA,8.709,3.755
ESTONIA,24.204,59.259
ESTONIA,22.831,58.991
ESTONIA,22.509,58.23
ESTONIA,24.473,58.419
ESTONIA,24.833,59.413
ESTONIA,26.69,58.307
ETHIOPIA,38.8,8.977
ETHIOPIA,38.726,9.004
ETHIOPIA,37.321,11.608
ETHIOPIA,41.854,9.625
ETHIOPIA,34.563,8.128
ETHIOPIA,37.432,12.518
ETHIOPIA,39.008,8.716
ETHIOPIA,36.816,7.666
ETHIOPIA,38.98,11.975
ETHIOPIA,39.533,13.467
FALKLAND ISLANDS,-58.447,-51.823
FALKLAND ISLANDS,-57.777,-51.686
FAROE ISL.,-7.277,62.064
FIJI,177.443,-17.754
FIJI,178.559,-18.043
FIJI,179.34,-16.467
FINLAND,23.424,68.362
FINLAND,22.201,61.116
FINLAND,24.786,61.856
FINLAND,25.043,60.254
FINLAND,24.956,60.32
FINLAND,23.074,61.689
FINLAND,23.083,59.849
FINLAND,24.881,60.654
FINLAND,23.652,60.463
FINLAND,28.904,61.249
FINLAND,30.074,62.166
FINLAND,27.405,68.607
FINLAND,29.624,62.659
FINLAND,25.678,62.399
FINLAND,23.051,63.127
FINLAND,24.599,65.782
FINLAND,27.692,64.285
FINLAND,22.393,62.463
FINLAND,23.143,63.721
FINLAND,27.157,66.713
FINLAND,29.239,65.987
FINLAND,24.847,67.701
FINLAND,27.798,63.007
FINLAND,25.693,61.144
FINLAND,28.144,61.044
FINLAND,19.898,60.122
FINLAND,23.519,62.947
FINLAND,27.202,61.686
FINLAND,24.296,60.334
FINLAND,25.354,64.93
FINLAND,22.193,61.246
FINLAND,21.8,61.462
FINLAND,26.947,65.402
FINLAND,25.926,63.732
FINLAND,24.696,64.688
FINLAND,28.356,62.065
FINLAND,25.83,66.565
FINLAND,24.108,60.745
FINLAND,28.945,61.943
FINLAND,26.799,61.062
FINLAND,26.619,67.395
FINLAND,23.604,61.414
FINLAND,24.027,61.773
FINLAND,22.263,60.514
FINLAND,26.938,60.896
FINLAND,21.761,63.051
FINLAND,27.869,62.171
FINLAND,24.716,64.06
FORMER MACEDONIA,20.742,41.18
FORMER MACEDONIA,21.621,41.961
FRANCE,1.955,50.962
FRANCE,3.028,49.869
FRANCE,3.005,48.594
FRANCE,-0.387,48.546
FRANCE,2.7,49.971
FRANCE,1.627,50.515
FRANCE,3.461,50.326
FRANCE,2.386,49.871
FRANCE,0.591,44.175
FRANCE,-1.125,44.533
FRANCE,-0.716,44.828
FRANCE,0.519,44.825
FRANCE,1.367,43.546
FRANCE,-0.318,45.658
FRANCE,0.307,46.588
FRANCE,2.363,46.224
FRANCE,1.179,45.863
FRANCE,-0.507,43.912
FRANCE,-0.401,46.311
FRANCE,1.364,43.629
FRANCE,-0.419,43.38
FRANCE,1.263,43.449
FRANCE,-0.006,43.179
FRANCE,0.221,45.729
FRANCE,1.469,45.151
FRANCE,0.816,45.198
FRANCE,-1.523,43.468
FRANCE,1.475,44.351
FRANCE,1.103,43.008
FRANCE,-1.111,44.596
FRANCE,2.113,43.914
FRANCE,2.289,43.556
FRANCE,1.499,43.586
FRANCE,3.183,43.99
FRANCE,2.482,44.408
FRANCE,2.424,45.535
FRANCE,0.759,44.397
FRANCE,-0.973,45.628
FRANCE,-1.174,44.146
FRANCE,-0.245,43.709
FRANCE,1.378,44.026
FRANCE,0.602,43.688
FRANCE,-0.135,44.982
FRANCE,1.696,43.091
FRANCE,0.2,44.499
FRANCE,-0.983,45.888
FRANCE,-5.064,48.463
FRANCE,-2.922,48.058
FRANCE,-3.664,48.052
FRANCE,-2.391,46.719
FRANCE,-1.177,47.408
FRANCE,4.481,48.43
FRANCE,7.359,48.11
FRANCE,4.893,47.006
FRANCE,5.427,47.039
FRANCE,3.392,47.992
FRANCE,5.469,49.122
FRANCE,4.372,44.544
FRANCE,3.765,45.079
FRANCE,2.994,45.076
FRANCE,5.292,46.201
FRANCE,4.641,45.916
FRANCE,3.424,46.534
FRANCE,2.515,44.177
FRANCE,1.481,43.569
FRANCE,6.254,48.982
FRANCE,8.89,41.663
FRANCE,9.193,42.294
FRANCE,3.497,47.85
FRANCE,5.88,45.638
FRANCE,3.169,45.786
FRANCE,2.37,47.058
FRANCE,5.976,45.561
FRANCE,4.817,46.826
FRANCE,6.268,46.192
FRANCE,5.091,45.726
FRANCE,4.796,46.295
FRANCE,4.013,46.413
FRANCE,4.001,46.058
FRANCE,6.099,45.929
FRANCE,5.329,45.363
FRANCE,2.57,46.352
FRANCE,4.97,44.921
FRANCE,3.404,46.169
FRANCE,2.422,44.891
FRANCE,1.731,46.862
FRANCE,4.945,45.728
FRANCE,5.368,43.505
FRANCE,6.387,43.384
FRANCE,6.953,43.542
FRANCE,4.296,45.54
FRANCE,4.924,43.523
FRANCE,2.306,43.216
FRANCE,5.214,43.436
FRANCE,7.218,43.661
FRANCE,4.867,44.14
FRANCE,2.871,42.74
FRANCE,5.785,43.252
FRANCE,4.142,44.069
FRANCE,3.963,43.576
FRANCE,3.356,43.324
FRANCE,4.902,43.907
FRANCE,5.109,43.606
FRANCE,2.734,43.176
FRANCE,3.533,44.502
FRANCE,5.078,44.03
FRANCE,2.632,47.053
FRANCE,2.113,49.454
FRANCE,1.376,48.058
FRANCE,-0.115,47.257
FRANCE,1.22,49.029
FRANCE,0.088,49.534
FRANCE,1.832,50.143
FRANCE,1.761,47.988
FRANCE,4.184,48.776
FRANCE,1.175,49.384
FRANCE,0.728,47.432
FRANCE,-0.877,47.082
FRANCE,-0.743,48.031
FRANCE,2.163,47.897
FRANCE,2.441,48.969
FRANCE,2.519,49.253
FRANCE,2.55,49.013
FRANCE,3.016,48.838
FRANCE,2.671,48.605
FRANCE,2.106,48.752
FRANCE,2.359,48.725
FRANCE,2.041,49.096
FRANCE,2.201,48.774
FRANCE,2.331,48.597
FRANCE,4.157,49.208
FRANCE,4.018,48.323
FRANCE,6.545,48.597
FRANCE,5.672,49.227
FRANCE,4.26,46.966
FRANCE,3.114,47.001
FRANCE,3.154,50.222
FRANCE,4.033,50.31
FRANCE,6.083,47.208
FRANCE,7.2,48.766
FRANCE,3.089,50.562
FRANCE,2.642,50.618
FRANCE,4.647,49.784
FRANCE,6.204,47.638
FRANCE,-0.573,47.497
FRANCE,-4.418,48.448
FRANCE,-1.47,49.65
FRANCE,-2.08,48.588
FRANCE,-2.346,47.289
FRANCE,-1.564,48.883
FRANCE,0.154,49.365
FRANCE,-3.44,47.761
FRANCE,-1.379,46.702
FRANCE,-4.151,48.53
FRANCE,-0.45,49.173
FRANCE,-4.445,48.282
FRANCE,0.202,47.949
FRANCE,-1.735,48.069
FRANCE,-3.471,48.754
FRANCE,-4.168,47.975
FRANCE,-1.611,47.153
FRANCE,-2.854,48.538
FRANCE,-3.816,48.603
FRANCE,-2.718,47.723
FRANCE,-2.149,47.312
FRANCE,7.53,47.589
FRANCE,7.399,47.922
FRANCE,5.09,47.269
FRANCE,6.132,49.072
FRANCE,6.07,48.325
FRANCE,7.816,48.793
FRANCE,4.899,48.636
FRANCE,5.98,48.78
FRANCE,6.792,47.487
FRANCE,6.23,48.692
FRANCE,5.955,48.583
FRANCE,6.327,46.904
FRANCE,4.05,49.31
FRANCE,7.628,48.538
FRANCE,6.364,47.783
FRANCE,6.127,43.248
FRANCE,6.146,43.097
FRANCE,4.416,43.757
FRANCE,-56.38,47.095
FRANCE,5.328,45.987
FRANCE,5.495,44.057
FRANCE,5.665,48.085
FRANCE,3.263,50.141
FRANCE,5.514,47.335
FRANCE,6.546,47.704
FRANCE,3.212,49.758
FRENCH GUYANA,-52.36,4.82
FRENCH GUYANA,-51.804,3.897
FRENCH POLYNESIA,-151.361,-22.434
FRENCH POLYNESIA,-149.524,-23.365
FRENCH POLYNESIA,-145.51,-17.353
FRENCH POLYNESIA,-140.887,-15.82
FRENCH POLYNESIA,-148.231,-15.119
FRENCH POLYNESIA,-136.439,-18.466
FRENCH POLYNESIA,-145.657,-16.054
FRENCH POLYNESIA,-146.07,-14.437
FRENCH POLYNESIA,-134.89,-23.08
FRENCH POLYNESIA,-143.657,-16.585
FRENCH POLYNESIA,-141.267,-14.177
FRENCH POLYNESIA,-138.813,-14.809
FRENCH POLYNESIA,-145.253,-14.712
FRENCH POLYNESIA,-148.717,-14.868
FRENCH POLYNESIA,-138.568,-20.783
FRENCH POLYNESIA,-145.024,-14.456
FRENCH POLYNESIA,-140.229,-8.796
FRENCH POLYNESIA,-139.011,-9.769
FRENCH POLYNESIA,-151.751,-16.444
FRENCH POLYNESIA,-147.661,-14.954
FRENCH POLYNESIA,-151.022,-16.687
FRENCH POLYNESIA,-149.762,-17.49
FRENCH POLYNESIA,-152.244,-16.426
FRENCH POLYNESIA,-151.466,-16.723
FRENCH POLYNESIA,-138.794,-21.808
GABON,11.581,1.541
GABON,13.673,-0.665
GABON,10.246,-0.704
GABON,11.493,2.076
GABON,13.269,-1.537
GABON,8.754,-0.712
GABON,9.263,-1.575
GABON,12.891,0.579
GABON,9.412,0.458
GABON,11.553,0.776
GABON,13.438,-1.656
GABON,12.747,-0.826
GABON,10.919,-2.889
GALAPAGOS I. (ECUADOR,-90.266,-0.454
GAMBIA,-16.652,13.338
GEORGIA,44.955,41.669
GEORGIA,41.128,42.858
GERMANY,14.52,51.193
GERMANY,12.506,50.982
GERMANY,12.186,51.832
GERMANY,14.586,52.197
GERMANY,14.152,53.879
GERMANY,13.555,51.308
GERMANY,11.941,51.363
GERMANY,12.053,51.552
GERMANY,13.359,51.294
GERMANY,12.753,53.306
GERMANY,13.916,52.58
GERMANY,13.159,52.203
GERMANY,11.418,51.856
GERMANY,-77.965,35.461
GERMANY,12.71,54.338
GERMANY,11.714,50.917
GERMANY,12.425,52.919
GERMANY,11.626,52.074
GERMANY,12.657,51.328
GERMANY,14.952,51.364
GERMANY,13.669,53.833
GERMANY,14.532,51.889
GERMANY,11.962,51.721
GERMANY,14.129,51.296
GERMANY,13.523,52.38
GERMANY,13.767,51.133
GERMANY,10.958,50.98
GERMANY,8.543,50.026
GERMANY,7.685,52.134
GERMANY,9.988,53.63
GERMANY,13.404,52.473
GERMANY,7.143,50.866
GERMANY,6.767,51.289
GERMANY,11.786,48.354
GERMANY,11.078,49.499
GERMANY,12.236,51.424
GERMANY,7.109,49.214
GERMANY,9.222,48.69
GERMANY,13.287,52.559
GERMANY,9.685,52.461
GERMANY,8.787,53.047
GERMANY,8.644,49.961
GERMANY,7.264,49.95
GERMANY,8.514,49.473
GERMANY,8.679,51.035
GERMANY,8.368,49.606
GERMANY,8.147,49.969
GERMANY,10.473,50.993
GERMANY,8.082,50.708
GERMANY,9.835,53.535
GERMANY,10.145,54.379
GERMANY,10.719,53.805
GERMANY,6.187,50.823
GERMANY,6.528,50.406
GERMANY,7.602,51.099
GERMANY,7.899,51.483
GERMANY,6.537,51.53
GERMANY,6.936,51.401
GERMANY,6.504,51.23
GERMANY,8.616,51.614
GERMANY,6.84,51.996
GERMANY,7.612,51.518
GERMANY,10.932,48.425
GERMANY,9.763,48.111
GERMANY,12.724,48.396
GERMANY,11.283,48.081
GERMANY,12.518,48.901
GERMANY,13.195,48.636
GERMANY,10.014,47.859
GERMANY,9.511,47.671
GERMANY,11.783,53.427
GERMANY,11.82,52.629
GERMANY,10.264,48.778
GERMANY,10.996,50.263
GERMANY,11.638,49.984
GERMANY,11.132,49.794
GERMANY,11.855,50.289
GERMANY,11.788,49.863
GERMANY,10.529,50.018
GERMANY,7.531,50.325
GERMANY,6.789,49.863
GERMANY,8.451,49.302
GERMANY,7.401,49.209
GERMANY,8.187,48.791
GERMANY,8.522,47.973
GERMANY,7.834,48.02
GERMANY,8.333,48.982
GERMANY,9.373,48.054
GERMANY,9.777,49.118
GERMANY,13.738,51.608
GERMANY,10.556,52.319
GERMANY,9.378,51.408
GERMANY,9.946,52.177
GERMANY,8.573,53.503
GERMANY,8.623,53.143
GERMANY,7.227,53.391
GERMANY,7.443,53.272
GERMANY,8.053,53.505
GERMANY,6.709,53.595
GERMANY,7.23,53.707
GERMANY,9.378,54.772
GERMANY,9.601,54.221
GERMANY,8.34,54.913
GERMANY,6.692,49.973
GERMANY,7.601,49.438
GERMANY,10.914,49.92
GERMANY,7.3,49.65
GERMANY,9.966,49.648
GERMANY,9.082,52.278
GERMANY,10.022,52.591
GERMANY,7.387,52.291
GERMANY,9.286,51.114
GERMANY,9.578,53.994
GERMANY,9.91,48.22
GERMANY,7.315,50.366
GERMANY,9.958,49.392
GERMANY,11.101,49.218
GERMANY,10.184,52.919
GERMANY,14.292,51.768
GERMANY,11.941,49.699
GERMANY,8.961,50.169
GERMANY,8.652,49.393
GERMANY,11.836,49.218
GERMANY,10.201,49.743
GERMANY,9.341,54.625
GERMANY,8.658,53.767
GERMANY,8.341,52.585
GERMANY,6.042,50.961
GERMANY,9.538,54.312
GERMANY,7.889,53.533
GERMANY,12.279,53.918
GERMANY,6.658,50.831
GERMANY,7.541,52.339
GERMANY,14.634,51.664
GERMANY,9.516,54.459
GERMANY,7.667,53.548
GERMANY,13.306,53.602
GERMANY,9.427,52.457
GERMANY,11.767,49.634
GERMANY,8.463,49.563
GERMANY,8.325,50.05
GERMANY,10.906,48.071
GERMANY,7.063,50.174
GERMANY,11.949,48.322
GERMANY,11.267,48.206
GERMANY,13.167,51.768
GERMANY,11.534,48.716
GERMANY,10.862,48.186
GERMANY,10.239,47.989
GERMANY,11.211,48.711
GERMANY,6.143,51.602
GERMANY,8.306,51.923
GERMANY,6.132,51.2
GHANA,-0.168,5.603
GHANA,-0.863,9.563
GHANA,-2.507,10.082
GHANA,-2.329,7.362
GHANA,-1.775,4.893
GIBRALTAR,-5.349,36.151
GREECE,21.293,37.921
GREECE,21.351,38.602
GREECE,25.956,40.856
GREECE,23.732,37.888
GREECE,22.489,40.651
GREECE,22.794,39.219
GREECE,23.556,38.064
GREECE,26.141,38.343
GREECE,20.822,39.696
GREECE,25.18,35.339
GREECE,21.276,40.449
GREECE,23.017,36.274
GREECE,20.501,38.12
GREECE,22.026,37.068
GREECE,24.342,40.972
GREECE,27.092,36.793
GREECE,27.146,35.421
GREECE,19.912,39.602
GREECE,26.91,35.421
GREECE,24.619,40.913
GREECE,21.841,40.286
GREECE,26.8,37.185
GREECE,25.236,39.917
GREECE,22.465,39.65
GREECE,23.365,37.981
GREECE,25.348,37.435
GREECE,24.014,38.145
GREECE,26.598,39.057
GREECE,20.765,38.925
GREECE,28.109,36.383
GREECE,28.086,36.405
GREECE,21.426,38.151
GREECE,24.149,35.532
GREECE,23.504,39.177
GREECE,26.912,37.69
GREECE,24.951,37.423
GREECE,22.526,36.973
GREECE,25.479,36.4
GREECE,26.098,35.214
GREECE,22.767,39.48
GREECE,24.487,38.968
GREECE,23.565,38.34
GREECE,25.327,35.187
GREECE,22.405,37.531
GREECE,22.971,40.52
GREECE,23.784,38.109
GREECE,20.882,37.75
GREENLAND,-45.427,61.161
GREENLAND,-22.646,70.739
GREENLAND,-51.678,64.191
GREENLAND,-51.067,69.233
GREENLAND,-37.15,65.583
GREENLAND,-50.689,67.017
GREENLAND,-68.703,76.531
GRENADA,-61.786,12.004
GUATEMALA,-88.837,15.473
GUATEMALA,-90.407,15.469
GUATEMALA,-90.528,14.583
GUATEMALA,-88.584,15.731
GUATEMALA,-89.417,16.326
GUATEMALA,-91.502,14.865
GUATEMALA,-90.836,13.936
GUERNSEY ISLD.,-2.602,49.435
GUINEA,-13.569,10.351
GUINEA,-10.77,10.036
GUINEA,-12.287,11.326
GUINEA,-9.526,8.481
GUINEA,-8.702,7.806
GUINEA BISSAU,-15.181,11.288
GUINEA BISSAU,-15.654,11.895
GUYANA,-60.614,5.865
GUYANA,-58.27,5.966
GUYANA,-59.789,3.373
HAITI,-72.195,19.732
HAITI,-72.293,18.58
HONDURAS,-83.933,17.407
HONDURAS,-86.853,15.742
HONDURAS,-87.923,15.452
HONDURAS,-85.906,16.445
HONDURAS,-83.781,15.261
HONDURAS,-86.522,16.317
HONDURAS,-87.476,15.776
HONDURAS,-87.217,14.061
HONDURAS,-85.938,15.927
HONG KONG,113.914,22.309
HONG KONG,114.08,22.436
HUNGARY,19.256,47.437
HUNGARY,21.615,47.489
HUNGARY,19.339,47.571
HUNGARY,19.749,46.917
HUNGARY,17.731,46.389
HUNGARY,21.692,47.984
HUNGARY,18.769,46.304
HUNGARY,17.501,47.364
HUNGARY,17.968,47.078
HUNGARY,18.096,46.858
HUNGARY,17.159,46.686
HUNGARY,20.235,47.123
HUNGARY,17.917,46.393
HUNGARY,18.981,47.345
ICELAND,-18.072,65.66
ICELAND,-14.401,65.283
ICELAND,-15.227,64.296
ICELAND,-17.426,65.952
ICELAND,-23.135,66.058
ICELAND,-22.606,63.985
ICELAND,-16.461,66.314
ICELAND,-23.965,65.556
ICELAND,-21.941,64.13
ICELAND,-18.917,66.133
ICELAND,-20.279,63.424
INDIA,72.632,23.075
INDIA,77.056,20.699
INDIA,75.398,19.863
INDIA,72.868,19.089
INDIA,82.111,21.989
INDIA,69.67,23.288
INDIA,74.618,15.859
INDIA,73.226,22.336
INDIA,77.337,23.285
INDIA,72.185,21.752
INDIA,72.844,20.435
INDIA,72.205,24.268
INDIA,73.833,15.381
INDIA,75.801,22.722
INDIA,80.052,23.178
INDIA,72.834,19.098
INDIA,70.011,22.466
INDIA,70.1,23.113
INDIA,79.919,24.819
INDIA,74.288,16.664
INDIA,70.27,21.317
INDIA,79.047,21.092
INDIA,73.807,19.962
INDIA,73.919,18.582
INDIA,69.656,21.649
INDIA,70.779,22.309
INDIA,81.739,21.18
INDIA,75.935,17.628
INDIA,72.743,21.115
INDIA,73.913,24.617
INDIA,94.802,28.175
INDIA,91.241,23.889
INDIA,92.803,23.746
INDIA,88.328,26.681
INDIA,88.796,25.261
INDIA,86.149,23.643
INDIA,85.818,20.244
INDIA,88.447,22.655
INDIA,89.467,26.33
INDIA,86.425,23.834
INDIA,94.223,27.989
INDIA,83.449,26.739
INDIA,91.585,26.106
INDIA,84.943,24.748
INDIA,84.006,21.579
INDIA,93.897,24.76
INDIA,84.05,21.913
INDIA,82.552,18.88
INDIA,86.168,22.812
INDIA,94.176,26.731
INDIA,91.811,24.135
INDIA,92.007,24.308
INDIA,92.979,24.913
INDIA,94.097,27.291
INDIA,95.017,27.483
INDIA,85.313,26.12
INDIA,82.519,20.87
INDIA,95.336,28.066
INDIA,87.428,23.474
INDIA,85.088,25.591
INDIA,87.409,25.76
INDIA,85.321,23.315
INDIA,84.814,22.256
INDIA,83.183,20.098
INDIA,93.828,27.588
INDIA,77.961,27.156
INDIA,81.734,25.439
INDIA,74.799,31.707
INDIA,73.207,28.072
INDIA,80.893,26.988
INDIA,82.859,25.452
INDIA,77.184,31.882
INDIA,74.756,30.27
INDIA,76.178,28.837
INDIA,79.45,28.422
INDIA,76.788,30.673
INDIA,80.41,26.404
INDIA,77.205,28.584
INDIA,78.18,30.187
INDIA,77.103,28.566
INDIA,77.347,24.654
INDIA,78.228,26.294
INDIA,75.753,29.181
INDIA,78.559,25.49
INDIA,73.048,26.251
INDIA,75.81,26.824
INDIA,70.864,26.889
INDIA,74.838,32.69
INDIA,80.363,26.441
INDIA,75.845,25.161
INDIA,75.951,30.854
INDIA,77.546,34.136
INDIA,80.886,26.761
INDIA,75.634,32.234
INDIA,76.363,30.315
INDIA,79.474,29.033
INDIA,81.381,26.25
INDIA,77.058,31.082
INDIA,77.424,29.994
INDIA,74.774,33.987
INDIA,72.176,10.823
INDIA,77.668,12.95
INDIA,77.486,17.908
INDIA,80.797,16.53
INDIA,77.044,11.031
INDIA,75.955,11.136
INDIA,78.773,14.51
INDIA,92.819,9.153
INDIA,78.403,17.629
INDIA,78.461,17.452
INDIA,78.093,9.834
INDIA,74.893,12.96
INDIA,80.18,12.994
INDIA,79.318,16.541
INDIA,92.733,11.646
INDIA,81.818,17.109
INDIA,78.065,11.782
INDIA,79.104,10.72
INDIA,79.543,13.632
INDIA,78.709,10.765
INDIA,76.918,8.482
INDIA,80.121,12.907
INDIA,79.599,17.918
INDONESIA,119.554,-5.062
INDONESIA,122.467,-4.317
INDONESIA,120.324,-2.558
INDONESIA,121.357,-2.529
INDONESIA,119.822,-3.045
INDONESIA,122.417,-4.082
INDONESIA,136.108,-1.19
INDONESIA,135.496,-3.368
INDONESIA,136.887,-4.528
INDONESIA,140.516,-2.577
INDONESIA,138.952,-4.096
INDONESIA,140.418,-8.52
INDONESIA,122.852,0.637
INDONESIA,125.528,3.683
INDONESIA,119.909,-0.918
INDONESIA,124.926,1.549
INDONESIA,120.657,-1.417
INDONESIA,127.381,0.832
INDONESIA,122.772,-1.039
INDONESIA,132.731,-5.661
INDONESIA,128.09,-3.709
INDONESIA,133.695,-3.644
INDONESIA,134.05,-0.88
INDONESIA,131.12,-0.926
INDONESIA,95.339,5.874
INDONESIA,108.246,-7.346
INDONESIA,111.434,-7.616
INDONESIA,112.714,-7.926
INDONESIA,101.444,0.461
INDONESIA,101.433,1.609
INDONESIA,106.57,-6.293
INDONESIA,107.576,-6.901
INDONESIA,108.539,-6.756
INDONESIA,106.891,-6.266
INDONESIA,106.656,-6.126
INDONESIA,110.432,-7.788
INDONESIA,109.034,-7.645
INDONESIA,106.764,-6.337
INDONESIA,110.375,-6.973
INDONESIA,105.179,-5.242
INDONESIA,104.119,1.121
INDONESIA,107.755,-2.746
INDONESIA,106.139,-2.163
INDONESIA,104.532,0.922
INDONESIA,104.579,-0.479
INDONESIA,97.703,1.166
INDONESIA,99.432,1.399
INDONESIA,100.352,-0.876
INDONESIA,98.672,3.558
INDONESIA,98.89,1.555
INDONESIA,111.748,-0.349
INDONESIA,109.963,-1.816
INDONESIA,108.388,3.909
INDONESIA,109.404,-0.151
INDONESIA,112.936,0.836
INDONESIA,111.475,0.064
INDONESIA,103.644,-1.638
INDONESIA,102.341,-3.864
INDONESIA,104.701,-2.898
INDONESIA,103.879,-3.286
INDONESIA,102.335,-0.353
INDONESIA,101.088,-2.542
INDONESIA,97.259,5.069
INDONESIA,96.95,5.227
INDONESIA,95.42,5.523
INDONESIA,114.761,-3.442
INDONESIA,115.996,-3.413
INDONESIA,111.673,-2.705
INDONESIA,113.943,-2.225
INDONESIA,112.977,-2.501
INDONESIA,122.237,-8.641
INDONESIA,121.662,-8.849
INDONESIA,120.478,-8.596
INDONESIA,123.671,-10.171
INDONESIA,119.889,-8.486
INDONESIA,117.432,2.154
INDONESIA,116.894,-1.268
INDONESIA,117.566,3.326
INDONESIA,117.157,-0.484
INDONESIA,117.439,-0.093
INDONESIA,116.094,-8.561
INDONESIA,118.687,-8.539
INDONESIA,115.167,-8.748
INDONESIA,117.412,-8.489
INDONESIA,119.246,-9.409
INDONESIA,120.304,-9.67
INDONESIA,112.787,-7.38
INDONESIA,110.757,-7.516
IRAN,48.233,30.365
IRAN,48.398,32.434
IRAN,49.676,30.745
IRAN,50.828,30.337
IRAN,49.271,32.002
IRAN,49.535,30.835
IRAN,49.152,30.556
IRAN,48.762,31.337
IRAN,55.033,25.876
IRAN,50.834,28.945
IRAN,54.318,27.212
IRAN,52.618,27.484
IRAN,53.982,26.527
IRAN,54.822,26.532
IRAN,50.324,29.259
IRAN,54.539,25.909
IRAN,53.356,26.81
IRAN,47.156,34.346
IRAN,47.483,32.934
IRAN,46.405,33.586
IRAN,48.286,33.436
IRAN,47.007,35.247
IRAN,51.561,32.929
IRAN,51.691,32.567
IRAN,51.862,32.751
IRAN,51.697,32.621
IRAN,49.606,37.325
IRAN,48.552,34.868
IRAN,49.848,34.14
IRAN,51.475,35.703
IRAN,51.381,35.645
IRAN,51.313,35.689
IRAN,50.047,36.241
IRAN,53.495,35.591
IRAN,56.378,27.218
IRAN,57.67,28.727
IRAN,56.957,30.261
IRAN,58.45,29.084
IRAN,56.172,27.158
IRAN,55.902,26.755
IRAN,56.052,30.298
IRAN,55.672,29.551
IRAN,59.276,32.896
IRAN,61.065,36.501
IRAN,55.106,36.424
IRAN,57.301,37.493
IRAN,56.892,33.668
IRAN,56.173,37.628
IRAN,55.452,37.383
IRAN,54.402,36.909
IRAN,51.318,34.169
IRAN,51.465,36.663
IRAN,50.679,36.91
IRAN,53.188,36.644
IRAN,54.441,28.721
IRAN,53.723,28.892
IRAN,53.579,28.586
IRAN,54.381,27.674
IRAN,52.694,29.754
IRAN,53.189,27.371
IRAN,52.589,29.539
IRAN,48.424,38.326
IRAN,46.126,37.349
IRAN,47.881,39.604
IRAN,46.235,38.133
IRAN,48.36,36.774
IRAN,54.276,31.905
IRAN,61.544,31.097
IRAN,60.382,25.443
IRAN,60.906,29.476
IRAN,60.72,27.236
IRAN,57.799,25.653
IRAQ,44.234,33.262
IRAQ,47.662,30.549
IRELAND,-8.492,51.843
IRELAND,-8.939,53.301
IRELAND,-8.341,55.044
IRELAND,-6.27,53.421
IRELAND,-8.818,53.91
IRELAND,-9.524,52.181
IRELAND,-6.443,53.303
IRELAND,-8.925,52.702
IRELAND,-8.599,54.28
IRELAND,-7.087,52.187
ISRAEL,34.877,32.009
ISRAEL,34.723,31.287
ISRAEL,34.822,31.839
ISRAEL,35.006,32.441
ISRAEL,34.96,29.561
ISRAEL,35.202,30.623
ISRAEL,35.044,32.811
ISRAEL,34.727,31.762
ISRAEL,35.572,32.981
ISRAEL,35.217,31.867
ISRAEL,35.191,31.229
ISRAEL,35.228,32.599
ISRAEL,35.388,31.328
ISRAEL,35.012,31.208
ISRAEL,34.936,29.94
ISRAEL,35.182,32.66
ISRAEL,34.667,30.776
ISRAEL,34.782,32.114
ITALY,15.713,41.539
ITALY,17.08,38.997
ITALY,16.761,41.138
ITALY,15.535,41.433
ITALY,17.402,40.516
ITALY,18.133,40.239
ITALY,14.181,42.431
ITALY,17.947,40.657
ITALY,16.933,40.768
ITALY,16.242,38.906
ITALY,15.066,37.467
ITALY,12.618,35.498
ITALY,11.969,36.816
ITALY,13.091,38.176
ITALY,13.313,38.111
ITALY,15.651,38.071
ITALY,12.488,37.913
ITALY,14.922,37.401
ITALY,8.291,40.632
ITALY,8.972,39.354
ITALY,9.054,39.251
ITALY,9.518,40.899
ITALY,9.683,39.919
ITALY,12.333,40.417
ITALY,7.603,45.086
ITALY,9.202,45.54
ITALY,8.728,45.631
ITALY,9.704,45.674
ITALY,7.649,45.201
ITALY,8.127,44.051
ITALY,8.842,44.412
ITALY,9.277,45.445
ITALY,8.669,45.529
ITALY,10.296,44.824
ITALY,9.723,44.913
ITALY,7.368,45.738
ITALY,7.622,44.546
ITALY,12.596,46.032
ITALY,11.326,46.461
ITALY,12.306,44.224
ITALY,11.29,44.534
ITALY,12.195,45.649
ITALY,13.054,45.981
ITALY,12.07,44.195
ITALY,10.268,45.432
ITALY,10.928,45.472
ITALY,10.331,45.429
ITALY,13.466,45.828
ITALY,12.612,44.02
ITALY,12.086,45.684
ITALY,11.531,45.574
ITALY,11.848,45.396
ITALY,10.888,45.396
ITALY,12.352,45.505
ITALY,11.254,43.257
ITALY,12.595,41.799
ITALY,12.444,41.654
ITALY,12.253,41.813
ITALY,12.741,41.99
ITALY,14.911,40.62
ITALY,10.239,42.76
ITALY,12.909,41.542
ITALY,14.082,41.061
ITALY,14.291,40.886
ITALY,10.393,43.684
ITALY,11.205,43.81
ITALY,11.072,42.761
ITALY,12.499,41.952
ITALY,12.064,42.43
ITALY,12.513,43.096
IVORY COAST,-3.926,5.26
IVORY COAST,-5.074,7.739
IVORY COAST,-6.473,6.792
IVORY COAST,-5.556,9.387
IVORY COAST,-7.587,7.272
IVORY COAST,-6.661,4.747
IVORY COAST,-5.366,6.903
JAMAICA,-76.969,18.404
JAMAICA,-76.787,17.936
JAMAICA,-77.913,18.504
JAMAICA,-76.534,18.199
JAMAICA,-76.824,17.988
JAPAN,140.386,35.765
JAPAN,137.923,36.167
JAPAN,140.415,36.181
JAPAN,153.979,24.289
JAPAN,141.322,24.784
JAPAN,135.364,33.662
JAPAN,133.933,34.591
JAPAN,143.217,42.733
JAPAN,141.692,42.775
JAPAN,140.822,41.77
JAPAN,141.666,42.794
JAPAN,144.164,43.881
JAPAN,144.96,43.577
JAPAN,141.38,43.116
JAPAN,143.158,42.89
JAPAN,141.801,45.404
JAPAN,129.785,33.749
JAPAN,131.279,33.93
JAPAN,129.33,34.285
JAPAN,143.404,44.304
JAPAN,142.447,43.671
JAPAN,141.186,45.242
JAPAN,130.653,33.883
JAPAN,130.659,30.386
JAPAN,128.833,32.666
JAPAN,130.45,33.586
JAPAN,130.95,30.547
JAPAN,130.719,31.803
JAPAN,131.448,31.877
JAPAN,131.452,32.084
JAPAN,131.737,33.479
JAPAN,130.947,33.836
JAPAN,130.855,32.837
JAPAN,129.923,32.922
JAPAN,130.845,31.367
JAPAN,131.041,33.685
JAPAN,129.712,28.431
JAPAN,128.701,27.425
JAPAN,128.881,27.836
JAPAN,136.224,36.143
JAPAN,136.869,35.394
JAPAN,137.703,34.75
JAPAN,136.408,36.394
JAPAN,136.924,35.255
JAPAN,133.325,36.181
JAPAN,137.187,36.648
JAPAN,138.298,34.813
JAPAN,132.922,34.435
JAPAN,133.856,34.757
JAPAN,132.89,35.414
JAPAN,131.549,34.034
JAPAN,133.236,35.492
JAPAN,132.236,34.144
JAPAN,133.671,33.544
JAPAN,132.7,33.827
JAPAN,135.438,34.785
JAPAN,134.166,35.53
JAPAN,134.606,34.133
JAPAN,134.016,34.214
JAPAN,135.603,34.596
JAPAN,131.052,34.045
JAPAN,140.691,40.734
JAPAN,140.371,38.412
JAPAN,141.466,40.556
JAPAN,141.136,39.431
JAPAN,140.219,39.616
JAPAN,141.368,40.703
JAPAN,140.917,38.139
JAPAN,141.219,38.405
JAPAN,139.787,38.812
JAPAN,139.45,35.454
JAPAN,139.829,34.987
JAPAN,139.528,35.672
JAPAN,139.786,33.115
JAPAN,139.41,35.841
JAPAN,139.91,35.398
JAPAN,140.011,35.799
JAPAN,139.361,34.784
JAPAN,139.56,34.072
JAPAN,139.394,35.514
JAPAN,139.779,35.552
JAPAN,139.348,35.748
JAPAN,127.646,26.196
JAPAN,127.762,26.729
JAPAN,127.767,26.356
JAPAN,124.187,24.344
JAPAN,126.714,26.363
JAPAN,131.263,25.846
JAPAN,125.295,24.783
JAPAN,131.321,25.948
JAPAN,125.145,24.827
JAPAN,128.401,27.044
JAPAN,127.756,26.274
JAPAN,122.978,24.467
JOHNSTON ATOLL,-169.534,16.729
JORDAN,35.993,31.722
JORDAN,35.991,31.972
JORDAN,35.018,29.611
JORDAN,35.219,31.865
JORDAN,36.259,32.356
KAZAKHSTAN,77.04,43.352
KENYA,35.238,0.404
KENYA,39.648,-0.463
KENYA,37.591,0.339
KENYA,34.787,0.271
KENYA,34.729,-0.086
KENYA,34.958,0.972
KENYA,34.348,4.204
KENYA,35.609,3.122
KENYA,40.913,-2.252
KENYA,36.718,2.763
KENYA,41.844,3.934
KENYA,37.999,2.345
KENYA,38.17,0.23
KENYA,40.102,-3.229
KENYA,39.594,-4.035
KENYA,39.101,3.47
KENYA,36.98,-0.369
KENYA,36.433,-0.788
KENYA,36.815,-1.322
KENYA,37.039,-0.061
KENYA,36.862,-1.277
KENYA,40.091,1.733
KIRIBATI,173.147,1.381
KIRIBATI,174.776,-1.224
KIRIBATI,-157.35,1.986
KOREA,126.81,35.126
KOREA,126.616,35.904
KOREA,126.38,34.759
KOREA,127.119,35.878
KOREA,127.615,34.84
KOREA,127.718,37.884
KOREA,128.601,38.148
KOREA,128.944,37.753
KOREA,127.96,37.438
KOREA,128.669,38.061
KOREA,126.493,33.511
KOREA,128.696,35.141
KOREA,128.938,35.179
KOREA,129.129,35.171
KOREA,128.07,35.088
KOREA,129.352,35.593
KOREA,127.033,36.961
KOREA,127.114,37.446
KOREA,127.029,37.091
KOREA,126.791,37.558
KOREA,127.007,37.239
KOREA,129.42,35.988
KOREA,129.211,35.856
KOREA,128.659,35.894
KOREA,127.499,36.716
KOREA,128.355,36.632
KOREA,125.783,39.033
KUWAIT,47.98,29.227
LAOS,100.437,20.257
LAOS,102.161,19.897
LAOS,105.781,15.132
LAOS,103.218,19.455
LAOS,104.759,16.556
LAOS,102.563,17.988
LEBANON,35.489,33.813
LEBANON,36.011,34.589
LEEWARD ISLANDS,-61.792,17.137
LESOTHO,27.553,-29.462
LESOTHO,27.503,-29.304
LIBERIA,-10.759,6.289
LIBERIA,-10.362,6.234
LIBYA,22.081,28.795
LIBYA,21.438,28.638
LIBYA,10.143,25.146
LIBYA,23.314,24.179
LIBYA,20.269,32.097
LIBYA,21.964,32.789
LIBYA,14.473,26.987
LIBYA,13.159,32.663
LIBYA,19.576,30.378
LIBYA,18.527,30.5
LIBYA,15.966,29.11
LIBYA,17.931,29.47
LIBYA,9.715,30.152
LIBYA,17.294,28.59
LUXEMBURG,6.211,49.626
MACAU,113.591,22.149
MADAGASCAR,47.479,-18.797
MADAGASCAR,45.451,-19.563
MADAGASCAR,49.816,-17.094
MADAGASCAR,49.392,-18.109
MADAGASCAR,44.318,-20.285
MADAGASCAR,49.292,-12.349
MADAGASCAR,49.774,-16.164
MADAGASCAR,49.621,-14.652
MADAGASCAR,48.988,-13.188
MADAGASCAR,50.32,-14.999
MADAGASCAR,47.764,-14.629
MADAGASCAR,46.352,-15.667
MADAGASCAR,48.314,-13.312
MADAGASCAR,44.481,-16.742
MADAGASCAR,49.688,-15.437
MADAGASCAR,50.175,-14.279
MADAGASCAR,50.003,-13.376
MADAGASCAR,47.994,-14.899
MADAGASCAR,48.633,-13.485
MADAGASCAR,46.956,-25.038
MADAGASCAR,47.112,-21.441
MADAGASCAR,47.821,-22.805
MADAGASCAR,48.022,-22.12
MADAGASCAR,48.358,-21.202
MADAGASCAR,43.375,-21.754
MADAGASCAR,43.728,-23.383
MADEIRA,-16.35,33.073
MALAWI,34.974,-15.679
MALAWI,33.893,-9.953
MALAWI,33.468,-13.014
MALAWI,-85.182,30.838
MALAWI,34.012,-11.445
MALAYSIA,113.044,3.172
MALAYSIA,110.346,1.485
MALAYSIA,114.331,4.178
MALAYSIA,113.988,4.325
MALAYSIA,111.983,2.264
MALAYSIA,118.324,5.032
MALAYSIA,116.051,5.937
MALAYSIA,115.25,5.301
MALAYSIA,118.122,4.313
MALAYSIA,103.307,2.041
MALAYSIA,104.16,2.818
MALAYSIA,100.403,6.194
MALAYSIA,100.391,5.466
MALAYSIA,102.294,6.166
MALAYSIA,103.209,3.775
MALAYSIA,103.426,4.537
MALAYSIA,101.703,3.112
MALAYSIA,101.092,4.568
MALAYSIA,103.669,1.641
MALAYSIA,101.71,2.746
MALAYSIA,99.729,6.33
MALAYSIA,102.251,2.263
MALAYSIA,103.103,5.382
MALAYSIA,100.277,5.297
MALDIVES,73.529,4.192
MALI,-7.95,12.533
MALI,-0.005,16.248
MALI,-11.439,14.431
MALI,-4.079,14.513
MALI,-9.576,15.239
MALI,-3.007,16.73
MALI,0.981,20.246
MALTA,14.478,35.857
MALTA,14.417,35.917
MARIANA ISLANDS,145.243,14.174
MARIANA ISLANDS,145.729,15.119
MARIANA ISLANDS,144.833,13.5
MARIANA ISLANDS,144.93,13.584
MARIANA ISLANDS,144.797,13.484
MARIANA ISLANDS,145.619,14.998
MARSHALL ISLANDS,162.328,11.341
MARSHALL ISLANDS,171.272,7.065
MARSHALL ISLANDS,167.471,9.397
MARSHALL ISLANDS,167.731,8.72
MAURITANIA,-9.638,16.711
MAURITANIA,-11.423,18.57
MAURITANIA,-11.406,16.59
MAURITANIA,-7.314,16.622
MAURITANIA,-13.508,16.159
MAURITANIA,-15.948,18.098
MAURITANIA,-12.207,15.179
MAURITANIA,-13.043,20.507
MAURITANIA,-17.031,20.928
MAURITANIA,-11.589,25.237
MAURITIUS,57.683,-20.43
MAURITIUS,63.362,-19.758
MAYOTTE ISLAND,45.281,-12.805
MEXICO,-99.753,16.757
MEXICO,-100.237,25.866
MEXICO,-102.318,21.705
MEXICO,-96.261,15.775
MEXICO,-99.262,18.835
MEXICO,-91.799,18.654
MEXICO,-107.875,30.397
MEXICO,-99.514,17.574
MEXICO,-107.474,24.764
MEXICO,-88.327,18.504
MEXICO,-109.833,27.392
MEXICO,-90.5,19.817
MEXICO,-106.429,31.636
MEXICO,-105.964,28.703
MEXICO,-98.956,23.704
MEXICO,-100.886,20.546
MEXICO,-86.926,20.522
MEXICO,-99.018,22.74
MEXICO,-104.528,24.124
MEXICO,-104.843,21.419
MEXICO,-116.602,31.795
MEXICO,-103.311,20.522
MEXICO,-110.925,27.969
MEXICO,-97.42,18.497
MEXICO,-111.048,29.096
MEXICO,-103.577,19.277
MEXICO,-86.74,21.245
MEXICO,-100.929,25.549
MEXICO,-95.094,16.449
MEXICO,-96.797,19.475
MEXICO,-102.22,18.002
MEXICO,-109.081,25.685
MEXICO,-101.481,20.993
MEXICO,-110.362,24.072
MEXICO,-111.348,25.989
MEXICO,-97.525,25.77
MEXICO,-89.657,20.937
MEXICO,-115.241,32.631
MEXICO,-101.025,19.85
MEXICO,-94.581,18.103
MEXICO,-101.47,26.956
MEXICO,-99.072,19.436
MEXICO,-100.107,25.778
MEXICO,-106.266,23.161
MEXICO,-110.976,31.226
MEXICO,-99.57,27.444
MEXICO,-96.726,17
MEXICO,-97.461,20.603
MEXICO,-98.371,19.158
MEXICO,-98.782,20.077
MEXICO,-113.526,31.352
MEXICO,-100.535,28.627
MEXICO,-102.039,19.397
MEXICO,-105.254,20.68
MEXICO,-97.089,15.877
MEXICO,-100.369,20.624
MEXICO,-98.228,26.009
MEXICO,-109.721,23.152
MEXICO,-114.809,30.93
MEXICO,-100.931,22.254
MEXICO,-98.173,19.536
MEXICO,-103.411,25.568
MEXICO,-93.341,16.769
MEXICO,-116.97,32.541
MEXICO,-97.866,22.296
MEXICO,-98.806,22.038
MEXICO,-99.566,19.337
MEXICO,-92.37,14.794
MEXICO,-103.372,19.598
MEXICO,-86.877,21.036
MEXICO,-92.817,17.997
MEXICO,-96.187,19.145
MEXICO,-102.687,22.897
MEXICO,-101.46,17.601
MEXICO,-102.276,20.045
MEXICO,-104.559,19.145
MEXICO,-103.465,20.756
MICRONESIA,151.843,7.462
MICRONESIA,158.209,6.985
MICRONESIA,162.958,5.357
MICRONESIA,138.082,9.499
MIDWAY ISLAND,-177.381,28.201
MOLDOVA,27.781,47.838
MOLDOVA,28.931,46.928
MONGOLIA,106.766,47.843
MONTSERRAT ISLAND,-80.209,33.587
MOROCCO,-9.546,30.381
MOROCCO,-11.161,28.448
MOROCCO,-4.978,33.927
MOROCCO,-5.153,33.505
MOROCCO,-4.401,31.949
MOROCCO,-5.515,33.879
MOROCCO,-2.92,35.153
MOROCCO,-1.924,34.787
MOROCCO,-7.661,33.553
MOROCCO,-6.751,34.051
MOROCCO,-10.18,29.369
MOROCCO,-9.685,31.404
MOROCCO,-7.588,33.368
MOROCCO,-8.036,31.607
MOROCCO,-6.596,34.299
MOROCCO,-6.909,30.939
MOROCCO,-3.839,35.177
MOROCCO,-5.32,35.594
MOROCCO,-5.917,35.727
MOZAMBIQUE,34.907,-19.796
MOZAMBIQUE,36.532,-14.82
MOZAMBIQUE,33.429,-19.151
MOZAMBIQUE,32.757,-15.734
MOZAMBIQUE,35.408,-23.876
MOZAMBIQUE,35.266,-13.274
MOZAMBIQUE,40.672,-15.033
MOZAMBIQUE,32.573,-25.921
MOZAMBIQUE,39.563,-11.673
MOZAMBIQUE,40.355,-11.362
MOZAMBIQUE,37.552,-13.225
MOZAMBIQUE,40.712,-14.488
MOZAMBIQUE,39.282,-15.106
MOZAMBIQUE,40.522,-12.987
MOZAMBIQUE,36.869,-17.856
MOZAMBIQUE,32.773,-15.602
MOZAMBIQUE,33.64,-16.105
MOZAMBIQUE,34.352,-14.704
MOZAMBIQUE,35.313,-22.018
MYANMAR,94.929,21.182
MYANMAR,97.246,24.269
MYANMAR,93.368,14.141
MYANMAR,98.202,14.098
MYANMAR,96.792,20.743
MYANMAR,99.637,21.301
MYANMAR,94.051,23.189
MYANMAR,93.534,19.427
MYANMAR,98.538,10.049
MYANMAR,97.215,19.692
MYANMAR,97.752,22.977
MYANMAR,94.822,20.94
MYANMAR,95.978,21.702
MYANMAR,98.621,12.443
MYANMAR,97.353,25.383
MYANMAR,97.661,16.445
MYANMAR,96.645,23.092
MYANMAR,99.257,20.517
MYANMAR,97.295,25.354
MYANMAR,97.736,20.89
MYANMAR,97.675,16.894
MYANMAR,94.775,16.813
MYANMAR,97.426,27.33
MYANMAR,95.266,18.824
MYANMAR,95.914,20.942
MYANMAR,92.872,20.133
MYANMAR,94.299,18.461
MYANMAR,99.935,20.484
MYANMAR,96.401,19.031
MYANMAR,96.133,16.907
NEPAL,83.416,27.506
NEPAL,88.079,26.571
NEPAL,85.922,26.709
NEPAL,85.359,27.696
NEPAL,81.667,28.104
NEPAL,83.981,28.2
NEPAL,84.98,27.159
NEPAL,87.264,26.483
NETHERLANDS,4.764,52.309
NETHERLANDS,5.601,51.255
NETHERLANDS,5.77,50.911
NETHERLANDS,5.873,52.061
NETHERLANDS,6.13,53.119
NETHERLANDS,5.374,51.45
NETHERLANDS,6.579,53.119
NETHERLANDS,4.933,51.568
NETHERLANDS,4.781,52.923
NETHERLANDS,5.527,52.46
NETHERLANDS,5.761,53.229
NETHERLANDS,4.442,51.957
NETHERLANDS,5.276,52.127
NETHERLANDS,6.874,52.27
NETHERLANDS,4.426,52.17
NETHERLANDS,4.342,51.449
NEW CALEDONIA,164.838,-21.053
NEW CALEDONIA,164.256,-20.546
NEW CALEDONIA,167.24,-20.775
NEW CALEDONIA,166.473,-22.258
NEW CALEDONIA,168.037,-21.482
NEW CALEDONIA,165.259,-20.791
NEW CALEDONIA,166.573,-20.641
NEW CALEDONIA,166.213,-22.014
NEW ZEALAND,-169.926,-19.08
NEW ZEALAND,174.792,-37.008
NEW ZEALAND,176.084,-38.74
NEW ZEALAND,174.973,-37.03
NEW ZEALAND,172.532,-43.489
NEW ZEALAND,-176.457,-43.81
NEW ZEALAND,170.198,-45.928
NEW ZEALAND,177.978,-38.663
NEW ZEALAND,170.128,-43.907
NEW ZEALAND,170.985,-42.714
NEW ZEALAND,175.332,-37.866
NEW ZEALAND,176.767,-39.647
NEW ZEALAND,173.912,-35.263
NEW ZEALAND,173.285,-35.07
NEW ZEALAND,169.373,-45.212
NEW ZEALAND,170.133,-43.765
NEW ZEALAND,167.65,-45.533
NEW ZEALAND,175.634,-40.973
NEW ZEALAND,174.179,-39.009
NEW ZEALAND,173.221,-41.298
NEW ZEALAND,168.313,-46.412
NEW ZEALAND,175.388,-40.206
NEW ZEALAND,171.082,-44.97
NEW ZEALAND,175.617,-40.321
NEW ZEALAND,174.989,-40.905
NEW ZEALAND,168.739,-45.021
NEW ZEALAND,176.317,-38.109
NEW ZEALAND,175.658,-39.446
NEW ZEALAND,0,-90
NEW ZEALAND,176.196,-37.672
NEW ZEALAND,171.225,-44.303
NEW ZEALAND,170.118,-44.235
NEW ZEALAND,173.87,-41.518
NEW ZEALAND,166.65,-77.883
NEW ZEALAND,169.243,-44.725
NEW ZEALAND,172.553,-43.551
NEW ZEALAND,176.914,-37.921
NEW ZEALAND,174.805,-41.327
NEW ZEALAND,177.407,-39.007
NEW ZEALAND,174.63,-36.788
NEW ZEALAND,174.365,-35.768
NEW ZEALAND,171.581,-41.738
NEW ZEALAND,175.025,-39.962
NICARAGUA,-83.774,11.989
NICARAGUA,-86.354,12.189
NICARAGUA,-86.902,12.428
NICARAGUA,-86.168,12.141
NICARAGUA,-83.387,14.047
NIGER,7.127,13.502
NIGER,2.184,13.481
NIGER,5.265,14.876
NIGER,7.997,16.965
NIGER,12.869,18.969
NIGER,12.627,13.373
NIGER,8.984,13.779
NIGER,8.767,14.999
NIGERIA,7.263,9.007
NIGERIA,5.301,7.247
NIGERIA,5.599,6.317
NIGERIA,8.347,4.976
NIGERIA,7.562,6.474
NIGERIA,6.696,12.172
NIGERIA,3.978,7.362
NIGERIA,4.494,8.44
NIGERIA,8.869,9.64
NIGERIA,7.32,10.696
NIGERIA,8.524,12.047
NIGERIA,13.081,11.855
NIGERIA,8.614,7.704
NIGERIA,3.321,6.577
NIGERIA,6.462,9.652
NIGERIA,6.949,5.015
NIGERIA,5.207,12.916
NIGERIA,12.43,9.26
NIGERIA,7.686,11.13
NORTH IRELAND,-6.216,54.657
NORTH IRELAND,-5.873,54.618
NORTH IRELAND,-7.161,55.043
NORWAY,6.11,62.56
NORWAY,16.144,69.293
NORWAY,23.366,69.977
NORWAY,5.764,61.392
NORWAY,6.501,60.639
NORWAY,12.214,65.459
NORWAY,14.363,67.269
NORWAY,5.218,60.293
NORWAY,29.692,70.6
NORWAY,8.085,58.204
NORWAY,8.514,60.417
NORWAY,18.54,69.056
NORWAY,16.678,68.491
NORWAY,10.617,59.896
NORWAY,9.293,61.011
NORWAY,5.025,61.584
NORWAY,11.1,60.194
NORWAY,11.067,60.818
NORWAY,5.208,59.345
NORWAY,22.14,70.487
NORWAY,7.824,63.112
NORWAY,11.036,59.969
NORWAY,29.887,69.725
NORWAY,6.625,58.1
NORWAY,7.272,62.746
NORWAY,13.215,65.784
NORWAY,24.973,70.069
NORWAY,9.212,59.566
NORWAY,9.604,63.699
NORWAY,11.342,62.578
NORWAY,10.786,59.379
NORWAY,15.466,78.246
NORWAY,7.136,61.156
NORWAY,9.567,59.185
NORWAY,5.341,59.792
NORWAY,20.959,69.787
NORWAY,31.045,70.355
NORWAY,12.469,65.957
NORWAY,18.919,69.683
NORWAY,10.259,59.187
NORWAY,10.94,63.458
NORWAY,5.638,58.877
OMAN,56.241,26.171
OMAN,58.89,20.675
OMAN,58.284,23.593
OMAN,54.091,17.039
OMAN,57.65,23.067
OMAN,54.024,17.666
PAKISTAN,70.525,32.972
PAKISTAN,71.711,29.347
PAKISTAN,71.801,35.886
PAKISTAN,64.404,28.875
PAKISTAN,70.486,29.961
PAKISTAN,70.896,31.909
PAKISTAN,72.995,31.365
PAKISTAN,62.329,25.233
PAKISTAN,74.334,35.919
PAKISTAN,68.449,28.284
PAKISTAN,61.805,25.068
PAKISTAN,67.161,24.906
PAKISTAN,68.366,25.318
PAKISTAN,66.643,27.793
PAKISTAN,65.425,28.594
PAKISTAN,74.403,31.521
PAKISTAN,74.346,31.495
PAKISTAN,73.638,33.05
PAKISTAN,73.508,34.338
PAKISTAN,71.571,32.563
PAKISTAN,68.143,27.335
PAKISTAN,69.073,25.683
PAKISTAN,70.064,33.013
PAKISTAN,66.939,24.893
PAKISTAN,71.419,30.203
PAKISTAN,68.39,26.219
PAKISTAN,66.022,29.538
PAKISTAN,73.357,30.741
PAKISTAN,64.588,25.273
PAKISTAN,70.071,33.902
PAKISTAN,64.132,26.954
PAKISTAN,63.333,25.284
PAKISTAN,71.514,33.994
PAKISTAN,73.032,33.561
PAKISTAN,66.938,30.251
PAKISTAN,70.28,28.385
PAKISTAN,73.099,33.616
PAKISTAN,72.282,30.758
PAKISTAN,71.972,34.081
PAKISTAN,73.798,33.849
PAKISTAN,75.536,35.335
PAKISTAN,68.792,27.722
PAKISTAN,72.665,32.049
PAKISTAN,72.352,34.813
PAKISTAN,69.177,28.645
PAKISTAN,72.309,31.889
PAKISTAN,72.611,33.986
PAKISTAN,68.838,24.841
PAKISTAN,69.569,32.305
PAKISTAN,69.463,31.358
PALAU ISLAND,134.544,7.367
PANAMA,-82.251,9.341
PANAMA,-82.517,9.459
PANAMA,-82.435,8.391
PANAMA,-79.599,8.914
PANAMA,-78.157,7.517
PANAMA,-78.142,8.407
PANAMA,-79.556,8.973
PANAMA,-80.945,8.086
PANAMA,-79.383,9.071
PAPUA NEW GUINEA,145.392,-6.082
PAPUA NEW GUINEA,145.789,-5.207
PAPUA NEW GUINEA,144.296,-5.826
PAPUA NEW GUINEA,146.726,-6.57
PAPUA NEW GUINEA,147.22,-9.443
PAPUA NEW GUINEA,143.669,-3.584
PARAGUAY,-57.519,-25.24
PARAGUAY,-56.854,-27.371
PARAGUAY,-57.427,-23.442
PARAGUAY,-60.054,-22.36
PARAGUAY,-54.619,-25.407
PARAGUAY,-60.622,-22.045
PARAGUAY,-58.318,-26.881
PERU,15.828,53.791
PERU,-77.941,-4.607
PERU,-76.466,-2.795
PERU,-73.766,-10.729
PERU,-76.988,-6.019
PERU,-70.508,-3.917
PERU,-69.489,-11.411
PERU,-74.574,-8.378
PERU,-78.524,-9.151
PERU,-70.706,-9.768
PERU,-70.931,-17.179
PERU,-76.006,-9.29
PERU,-79.828,-6.787
PERU,-74.204,-13.155
PERU,-73.35,-13.706
PERU,-77.598,-9.347
PERU,-77.114,-12.022
PERU,-76.728,-7.169
PERU,-75.473,-11.783
PERU,-70.158,-15.467
PERU,-75.136,-15.357
PERU,-78.49,-7.136
PERU,-71.344,-17.695
PERU,-76.999,-12.161
PERU,-80.381,-3.552
PERU,-76.118,-5.894
PERU,-76.204,-9.878
PERU,-77.061,-11.929
PERU,-77.856,-6.202
PERU,-73.309,-3.785
PERU,-71.583,-16.341
PERU,-75.35,-11.129
PERU,-79.109,-8.085
PERU,-76.22,-13.745
PERU,-76.373,-6.509
PERU,-70.276,-18.053
PERU,-81.224,-4.55
PERU,-69.229,-12.614
PERU,-80.616,-5.206
PERU,-81.254,-4.576
PERU,-74.961,-14.854
PERU,-71.939,-13.536
PHILIPPINES,121.019,14.509
PHILIPPINES,125.236,6.106
PHILIPPINES,124.21,7.165
PHILIPPINES,124.611,8.414
PHILIPPINES,124.059,7.617
PHILIPPINES,123.46,7.828
PHILIPPINES,125.096,6.058
PHILIPPINES,125.481,9.758
PHILIPPINES,122.059,6.922
PHILIPPINES,120.619,16.375
PHILIPPINES,122.98,14.129
PHILIPPINES,120.493,14.986
PHILIPPINES,120.241,16.035
PHILIPPINES,121.046,12.361
PHILIPPINES,119.969,15.326
PHILIPPINES,121.125,13.955
PHILIPPINES,120.605,13.208
PHILIPPINES,123.271,13.585
PHILIPPINES,121.98,20.452
PHILIPPINES,122.646,14.293
PHILIPPINES,120.357,17.554
PHILIPPINES,120.303,16.596
PHILIPPINES,121.731,17.638
PHILIPPINES,124.206,13.578
PHILIPPINES,121.825,13.361
PHILIPPINES,121.753,16.93
PHILIPPINES,121.252,16.619
PHILIPPINES,125.028,11.227
PHILIPPINES,122.929,10.643
PHILIPPINES,124.545,12.072
PHILIPPINES,123.302,9.334
PHILIPPINES,124.636,12.502
PHILIPPINES,125.743,11.036
PHILIPPINES,122.545,10.713
PHILIPPINES,122.378,11.681
PHILIPPINES,123.979,10.308
PHILIPPINES,124.566,11.056
PHILIPPINES,118.759,9.742
PHILIPPINES,122.753,11.598
PHILIPPINES,121.932,10.766
PHOENIX ISL.,0,-2.767
POLAND,18.466,54.377
POLAND,19.785,50.078
POLAND,19.035,50.238
POLAND,16.264,54.042
POLAND,19.08,50.474
POLAND,19.398,51.722
POLAND,21.462,50.322
POLAND,16.826,52.421
POLAND,22.019,50.11
POLAND,14.902,53.585
POLAND,14.634,53.392
POLAND,17.108,54.479
POLAND,20.967,52.166
POLAND,16.886,51.102
POLAND,15.799,52.139
PORTUGAL,-8.645,40.974
PORTUGAL,-9.156,38.717
PORTUGAL,-8.646,40.916
PORTUGAL,-9.136,38.781
PUERTO RICO,-67.129,18.495
PUERTO RICO,-65.662,18.309
PUERTO RICO,-66.098,18.457
PUERTO RICO,-67.148,18.256
PUERTO RICO,-65.643,18.245
PUERTO RICO,-66.563,18.008
PUERTO RICO,-66.002,18.439
QATAR,51.565,25.261
REUNION ISLAND,55.51,-20.887
REUNION ISLAND,55.425,-21.321
ROMANIA,21.262,46.176
ROMANIA,26.91,46.522
ROMANIA,23.47,47.658
ROMANIA,26.102,44.503
ROMANIA,28.488,44.362
ROMANIA,23.686,46.785
ROMANIA,22.253,45.42
ROMANIA,23.889,44.318
ROMANIA,27.62,47.179
ROMANIA,21.902,47.025
ROMANIA,26.103,44.574
ROMANIA,24.091,45.786
ROMANIA,22.886,47.703
ROMANIA,26.354,47.688
ROMANIA,28.714,45.062
ROMANIA,24.412,46.468
ROMANIA,21.338,45.81
RUSSIA,75.005,46.894
RUSSIA,71.467,51.022
RUSSIA,74.478,43.062
RUSSIA,72.793,40.609
RUSSIA,69.479,42.364
RUSSIA,67.733,47.708
RUSSIA,51.546,51.152
RUSSIA,80.234,50.351
RUSSIA,51.092,43.86
RUSSIA,57.203,50.245
RUSSIA,63.551,53.206
RUSSIA,50.047,40.468
RUSSIA,-96.671,34.804
RUSSIA,129.771,62.093
RUSSIA,112.05,66.417
RUSSIA,44.397,40.148
RUSSIA,127.41,50.422
RUSSIA,135.188,48.528
RUSSIA,177.741,64.735
RUSSIA,-173.247,64.38
RUSSIA,150.717,59.91
RUSSIA,171,67.5
RUSSIA,158.453,53.166
RUSSIA,142.888,53.515
RUSSIA,142.717,46.889
RUSSIA,132.151,43.399
RUSSIA,113.305,52.026
RUSSIA,101.699,56.371
RUSSIA,104.395,52.267
RUSSIA,107.438,51.807
RUSSIA,30.895,50.345
RUSSIA,37.74,48.073
RUSSIA,35.102,48.357
RUSSIA,33.983,45.039
RUSSIA,26.934,49.359
RUSSIA,30.452,50.402
RUSSIA,23.956,49.813
RUSSIA,25.982,48.26
RUSSIA,30.678,46.427
RUSSIA,30.265,59.8
RUSSIA,32.751,68.782
RUSSIA,31.017,52.527
RUSSIA,30.133,55.167
RUSSIA,20.592,54.89
RUSSIA,27.539,53.864
RUSSIA,28.031,53.882
RUSSIA,91.385,53.74
RUSSIA,83.542,53.364
RUSSIA,86.107,55.27
RUSSIA,73.31,54.967
RUSSIA,39.172,45.035
RUSSIA,47.652,42.817
RUSSIA,43.082,44.225
RUSSIA,42.113,45.109
RUSSIA,39.818,47.258
RUSSIA,39.947,43.446
RUSSIA,48.006,46.283
RUSSIA,44.345,48.782
RUSSIA,61.507,55.303
RUSSIA,58.76,53.393
RUSSIA,66.61,66.59
RUSSIA,76.467,60.95
RUSSIA,56.026,57.917
RUSSIA,73.5,61.25
RUSSIA,60.804,56.741
RUSSIA,-92.084,37.132
RUSSIA,65.415,55.475
RUSSIA,58.363,37.992
RUSSIA,52.983,40.033
RUSSIA,63.613,39.083
RUSSIA,68.825,38.543
RUSSIA,59.623,42.486
RUSSIA,64.48,39.775
RUSSIA,66.985,39.701
RUSSIA,67.308,37.286
RUSSIA,34.176,53.214
RUSSIA,37.415,55.972
RUSSIA,35.758,56.825
RUSSIA,39.23,51.814
RUSSIA,37.261,55.591
RUSSIA,50.846,61.648
RUSSIA,49.277,55.608
RUSSIA,55.457,51.796
RUSSIA,-98.52,28.954
RUSSIA,55.874,54.557
RUSSIA,50.164,53.505
RWANDA,29.259,-1.677
RWANDA,30.139,-1.969
RWANDA,28.908,-2.462
SAMOA,-172.008,-13.83
SAMOA,-170.71,-14.331
SAO TOME & PRINCIPE,7.412,1.663
SAO TOME & PRINCIPE,6.712,0.378
SAUDI ARABIA,42.656,18.24
SAUDI ARABIA,49.486,25.284
SAUDI ARABIA,41.634,20.296
SAUDI ARABIA,42.623,19.984
SAUDI ARABIA,49.591,25.911
SAUDI ARABIA,49.798,26.471
SAUDI ARABIA,50.152,26.265
SAUDI ARABIA,42.586,16.901
SAUDI ARABIA,43.774,26.303
SAUDI ARABIA,37.279,31.411
SAUDI ARABIA,41.686,27.438
SAUDI ARABIA,49.405,27.039
SAUDI ARABIA,39.173,21.348
SAUDI ARABIA,39.156,21.679
SAUDI ARABIA,45.528,27.901
SAUDI ARABIA,39.705,24.553
SAUDI ARABIA,44.419,17.611
SAUDI ARABIA,46.125,28.335
SAUDI ARABIA,47.488,25.174
SAUDI ARABIA,44.964,24.71
SAUDI ARABIA,41.036,24.107
SAUDI ARABIA,39.07,22.703
SAUDI ARABIA,43.491,29.626
SAUDI ARABIA,46.699,24.957
SAUDI ARABIA,48.611,28.079
SAUDI ARABIA,41.138,30.907
SAUDI ARABIA,50.031,26.723
SAUDI ARABIA,47.121,17.467
SAUDI ARABIA,40.1,29.785
SAUDI ARABIA,45.619,20.465
SAUDI ARABIA,36.619,28.365
SAUDI ARABIA,40.544,21.483
SAUDI ARABIA,46.641,25.214
SAUDI ARABIA,48.768,27.869
SAUDI ARABIA,38.731,31.692
SAUDI ARABIA,45.199,20.504
SAUDI ARABIA,36.476,26.198
SAUDI ARABIA,38.063,24.144
SCOTLAND,-2.905,58.958
SENEGAL,-16.282,12.556
SENEGAL,-14.955,12.88
SENEGAL,-16.746,12.41
SENEGAL,-16.051,14.147
SENEGAL,-17.49,14.739
SENEGAL,-16.461,16.05
SENEGAL,-12.468,14.847
SENEGAL,-12.22,12.572
SENEGAL,-13.653,13.737
SEYCHELLES,52.726,-7.005
SEYCHELLES,53.654,-5.696
SEYCHELLES,51.176,-10.109
SEYCHELLES,55.522,-4.674
SEYCHELLES,55.691,-4.319
SEYCHELLES,56.264,-7.164
SIERRA LEONE,-13.128,8.394
SIERRA LEONE,-13.195,8.616
SINGAPORE,103.811,1.424
SINGAPORE,103.909,1.36
SINGAPORE,103.709,1.387
SINGAPORE,103.867,1.417
SINGAPORE,103.987,1.356
SLOVAKIA,17.212,48.17
SLOVAKIA,21.241,48.663
SLOVAKIA,17.118,48.402
SLOVAKIA,17.828,48.625
SLOVAKIA,19.134,48.638
SLOVAKIA,17.992,48.865
SLOVAKIA,20.241,49.073
SLOVAKIA,18.614,49.232
SLOVENIA,15.53,45.9
SLOVENIA,14.457,46.224
SLOVENIA,15.686,46.48
SLOVENIA,13.615,45.473
SLOVENIA,15.117,46.472
SOMALIA,43.624,3.099
SOMALIA,44.089,9.518
SOMALIA,44.941,10.389
SOMALIA,42.459,-0.377
SOMALIA,45.305,2.014
SOUTH AFRICA,16.533,-28.575
SOUTH AFRICA,18.814,-29.282
SOUTH AFRICA,29.81,-25.944
SOUTH AFRICA,28.302,-26.239
SOUTH AFRICA,27.279,-32.897
SOUTH AFRICA,26.302,-29.092
SOUTH AFRICA,28.336,-28.248
SOUTH AFRICA,26.629,-27.367
SOUTH AFRICA,27.35,-26.369
SOUTH AFRICA,18.602,-33.965
SOUTH AFRICA,19.726,-31.5
SOUTH AFRICA,23.92,-30.637
SOUTH AFRICA,26.832,-24.805
SOUTH AFRICA,30.224,-28.183
SOUTH AFRICA,30.95,-29.97
SOUTH AFRICA,27.826,-33.036
SOUTH AFRICA,29.98,-26.495
SOUTH AFRICA,27.688,-23.726
SOUTH AFRICA,27.909,-28.823
SOUTH AFRICA,28.14,-25.986
SOUTH AFRICA,22.379,-34.005
SOUTH AFRICA,30.65,-23.284
SOUTH AFRICA,28.151,-26.242
SOUTH AFRICA,26.498,-33.285
SOUTH AFRICA,30.587,-29.122
SOUTH AFRICA,26.861,-28.079
SOUTH AFRICA,29.619,-25.979
SOUTH AFRICA,28.394,-26.506
SOUTH AFRICA,27.996,-27.278
SOUTH AFRICA,29.106,-28.235
SOUTH AFRICA,31.049,-24.369
SOUTH AFRICA,25.528,-30.562
SOUTH AFRICA,28.246,-26.139
SOUTH AFRICA,26.718,-26.871
SOUTH AFRICA,29.455,-26.093
SOUTH AFRICA,29.194,-26.252
SOUTH AFRICA,24.765,-28.803
SOUTH AFRICA,31.93,-25.441
SOUTH AFRICA,27.726,-26.081
SOUTH AFRICA,27.316,-27.661
SOUTH AFRICA,23.411,-27.457
SOUTH AFRICA,17.094,-29.688
SOUTH AFRICA,27.926,-25.938
SOUTH AFRICA,27.453,-29.181
SOUTH AFRICA,26.184,-26.176
SOUTH AFRICA,29.696,-23.16
SOUTH AFRICA,18.16,-32.969
SOUTH AFRICA,29.75,-28.582
SOUTH AFRICA,29.44,-25.685
SOUTH AFRICA,30.343,-30.857
SOUTH AFRICA,29.283,-24.989
SOUTH AFRICA,29.778,-27.079
SOUTH AFRICA,25.612,-25.753
SOUTH AFRICA,25.548,-25.798
SOUTH AFRICA,31.566,-25.473
SOUTH AFRICA,29.986,-22.356
SOUTH AFRICA,32.044,-27.626
SOUTH AFRICA,29.977,-27.771
SOUTH AFRICA,30.913,-25.501
SOUTH AFRICA,28.435,-24.686
SOUTH AFRICA,20.25,-34.555
SOUTH AFRICA,22.189,-33.607
SOUTH AFRICA,29.459,-23.845
SOUTH AFRICA,25.617,-33.985
SOUTH AFRICA,23.328,-34.09
SOUTH AFRICA,31.155,-23.937
SOUTH AFRICA,29.484,-23.926
SOUTH AFRICA,29.52,-31.606
SOUTH AFRICA,30.399,-29.649
SOUTH AFRICA,27.173,-25.334
SOUTH AFRICA,28.984,-24.23
SOUTH AFRICA,23.538,-25.847
SOUTH AFRICA,27.082,-26.671
SOUTH AFRICA,27.503,-26.889
SOUTH AFRICA,26.882,-31.92
SOUTH AFRICA,32.092,-28.741
SOUTH AFRICA,27.271,-25.644
SOUTH AFRICA,19.903,-33.812
SOUTH AFRICA,17.939,-29.689
SOUTH AFRICA,29.17,-26.524
SOUTH AFRICA,17.969,-32.964
SOUTH AFRICA,28.398,-26.248
SOUTH AFRICA,28.164,-25.809
SOUTH AFRICA,22.999,-27.648
SOUTH AFRICA,29.209,-25.961
SOUTH AFRICA,31.589,-24.961
SOUTH AFRICA,22.993,-28.26
SOUTH AFRICA,30.383,-23.079
SOUTH AFRICA,26.157,-29.033
SOUTH AFRICA,29.339,-26.776
SOUTH AFRICA,30.329,-23.824
SOUTH AFRICA,31.416,-28.321
SOUTH AFRICA,21.261,-28.401
SOUTH AFRICA,28.674,-31.548
SOUTH AFRICA,24.729,-26.982
SOUTH AFRICA,31.058,-29.771
SOUTH AFRICA,27.778,-26.692
SOUTH AFRICA,18.545,-31.641
SOUTH AFRICA,27.961,-26.566
SOUTH AFRICA,30.795,-27.787
SOUTH AFRICA,28.224,-25.654
SOUTH AFRICA,29.192,-25.832
SOUTH AFRICA,28.222,-25.83
SOUTH AFRICA,26.669,-27.998
SOUTH AFRICA,26.35,-27.847
SOUTH AFRICA,18.498,-33.9
SOUTH AFRICA,26.042,-25.599
SPAIN,-17.756,28.626
SPAIN,-1.863,38.948
SPAIN,-0.558,38.282
SPAIN,-2.37,36.844
SPAIN,-6.034,43.563
SPAIN,-4.849,37.842
SPAIN,-2.911,43.301
SPAIN,-3.621,42.358
SPAIN,2.078,41.297
SPAIN,-6.821,38.891
SPAIN,-8.377,43.302
SPAIN,-3.636,37.133
SPAIN,2.76,41.901
SPAIN,-3.777,37.189
SPAIN,-3.724,40.294
SPAIN,1.373,38.873
SPAIN,-6.06,36.744
SPAIN,-0.812,37.775
SPAIN,-5.656,42.589
SPAIN,-3.561,40.472
SPAIN,-4.499,36.674
SPAIN,4.219,39.863
SPAIN,-3.5,40.417
SPAIN,-5.616,37.175
SPAIN,-3.503,39.938
SPAIN,2.733,39.55
SPAIN,-1.646,42.77
SPAIN,-1.23,37.951
SPAIN,1.167,41.147
SPAIN,-6.349,36.645
SPAIN,-5.502,40.952
SPAIN,2.703,39.599
SPAIN,2.739,39.552
SPAIN,4.258,39.862
SPAIN,-1.791,43.356
SPAIN,-8.415,42.896
SPAIN,1.409,42.339
SPAIN,-3.458,40.487
SPAIN,-0.481,39.489
SPAIN,-4.852,41.706
SPAIN,-3.785,40.371
SPAIN,-2.724,42.883
SPAIN,-8.627,42.232
SPAIN,-3.82,43.427
SPAIN,-1.041,41.666
SPAIN,-5.893,37.418
SPANISH NORTH AFRICA,-2.956,35.28
SRI LANKA,79.884,7.181
SRI LANKA,80.428,8.301
SRI LANKA,81.678,7.706
SRI LANKA,79.886,6.822
SRI LANKA,81.626,7.337
SRI LANKA,80.07,9.792
SRI LANKA,81.181,8.539
SRI LANKA,81.235,6.254
ST. KITTS & NEVIS,-62.719,17.311
ST. KITTS & NEVIS,-62.59,17.206
ST. LUCIA ISLAND,-60.993,14.02
ST. LUCIA ISLAND,-60.953,13.733
ST. PIERRE & MIQUELON,-56.175,46.763
ST.VINCENT/GRENADINES,-61.262,12.988
ST.VINCENT/GRENADINES,-61.342,12.699
ST.VINCENT/GRENADINES,-61.18,12.887
ST.VINCENT/GRENADINES,-61.211,13.144
SUDAN,30.43,19.154
SUDAN,34.336,11.786
SUDAN,25.325,13.615
SUDAN,36.328,15.386
SUDAN,24.955,12.054
SUDAN,30.232,13.153
SUDAN,31.601,4.872
SUDAN,31.652,9.559
SUDAN,37.216,19.576
SUDAN,32.553,15.589
SUDAN,27.979,7.726
SURINAM,-55.188,5.453
SURINAM,-55.191,5.811
SWAZILAND,31.308,-26.529
SWEDEN,15.526,58.402
SWEDEN,16.103,58.611
SWEDEN,17.588,59.897
SWEDEN,17.912,59.181
SWEDEN,12.847,56.296
SWEDEN,15.265,56.267
SWEDEN,13.262,58.409
SWEDEN,14.132,56.184
SWEDEN,14.114,58.598
SWEDEN,15.452,56.844
SWEDEN,13.053,58.498
SWEDEN,13.602,56.785
SWEDEN,12.28,57.663
SWEDEN,14.069,57.758
SWEDEN,13.588,58.17
SWEDEN,13.174,58.465
SWEDEN,11.87,57.775
SWEDEN,13.973,58.456
SWEDEN,12.345,58.318
SWEDEN,14.507,58.514
SWEDEN,12.714,58.426
SWEDEN,18.105,60.133
SWEDEN,17.891,59.419
SWEDEN,14.496,59.346
SWEDEN,14.511,60.958
SWEDEN,16.912,58.789
SWEDEN,17.109,59.314
SWEDEN,12.639,59.676
SWEDEN,16.571,58.791
SWEDEN,15.605,56.611
SWEDEN,13.922,56.95
SWEDEN,14.085,55.922
SWEDEN,12.861,55.945
SWEDEN,16.498,57.35
SWEDEN,13.599,57.264
SWEDEN,16.288,56.685
SWEDEN,13.371,55.53
SWEDEN,12.82,56.691
SWEDEN,14.137,57.292
SWEDEN,14.728,56.929
SWEDEN,15.458,63.738
SWEDEN,13.747,62.409
SWEDEN,14.423,62.048
SWEDEN,15.705,61.898
SWEDEN,20.814,67.132
SWEDEN,17.081,61.768
SWEDEN,17.94,63.634
SWEDEN,20.147,66.496
SWEDEN,17.769,63.048
SWEDEN,18.716,64.548
SWEDEN,14.803,63.129
SWEDEN,17.444,62.528
SWEDEN,18.99,63.408
SWEDEN,21.265,65.399
SWEDEN,20.337,67.822
SWEDEN,14.712,61.19
SWEDEN,21.077,64.625
SWEDEN,17.003,62.481
SWEDEN,20.282,63.792
SWEDEN,16.833,64.579
SWEDEN,19.282,65.59
SWEDEN,15.038,59.224
SWEDEN,13.579,60.02
SWEDEN,16.634,59.589
SWEDEN,22.122,65.544
SWEDEN,14.502,63.194
SWEDEN,20.15,65.875
SWEDEN,21.471,65.836
SWEDEN,15.924,59.386
SWEDEN,17.919,59.652
SWEDEN,17.941,59.354
SWEDEN,15.515,60.422
SWEDEN,15.824,57.526
SWEDEN,16.951,60.593
SWEDEN,15.68,58.406
SWEDEN,16.251,58.586
SWEDEN,12.991,60.157
SWEDEN,16.708,59.351
SWEDEN,18.346,57.663
SWEDEN,19.314,64.571
SWEDEN,17.696,64.961
SWEDEN,12.691,61.869
SWEDEN,20.761,65.106
SWEDEN,20.257,67.765
SWEDEN,15.083,65.806
SWITZERLAND,7.678,46.614
SWITZERLAND,6.793,47.084
SWITZERLAND,6.109,46.238
SWITZERLAND,7.251,46.488
SWITZERLAND,7.327,46.219
SWITZERLAND,8.284,46.944
SWITZERLAND,8.296,46.501
SWITZERLAND,8.648,47.399
SWITZERLAND,8.305,47.092
SWITZERLAND,9.065,47.079
SWITZERLAND,7.879,46.676
SWITZERLAND,7.714,46.304
SWITZERLAND,8.11,46.743
SWITZERLAND,7.823,46.304
SWITZERLAND,6.915,46.843
SWITZERLAND,8.399,46.975
SWITZERLAND,8.567,47.383
SWITZERLAND,8.911,46.004
SWITZERLAND,7.497,46.914
SWITZERLAND,7.417,47.181
SWITZERLAND,8.549,47.465
SWITZERLAND,9.561,47.485
SWITZERLAND,9.883,46.532
SYRIA,37.224,36.181
SYRIA,36.516,33.411
SYRIA,40.176,35.285
SYRIA,41.194,37.024
SYRIA,35.949,35.401
SYRIA,38.317,34.557
TAIWAN,118.359,24.432
TAIWAN,120.462,22.672
TAIWAN,121.237,24.855
TAIWAN,121.093,22.757
TAIWAN,121.458,22.674
TAIWAN,121.243,25.056
TAIWAN,120.351,22.575
TAIWAN,120.393,23.462
TAIWAN,120.654,24.186
TAIWAN,121.527,22.029
TAIWAN,120.621,24.264
TAIWAN,120.002,26.224
TAIWAN,120.206,22.95
TAIWAN,120.939,24.818
TAIWAN,119.628,23.569
TAIWAN,121.182,22.793
TAIWAN,120.281,22.705
TAIWAN,120.482,22.7
TAIWAN,121.552,25.069
TAIWAN,121.232,25.08
TAIWAN,119.494,23.371
TAIWAN,121.618,24.023
TANZANIA,36.633,-3.368
TANZANIA,39.203,-6.878
TANZANIA,35.752,-6.17
TANZANIA,35.752,-7.669
TANZANIA,37.074,-3.429
TANZANIA,35.818,-3.376
TANZANIA,33.619,-3.514
TANZANIA,37.323,-3.363
TANZANIA,40.182,-10.339
TANZANIA,32.932,-2.444
TANZANIA,38.154,-6.717
TANZANIA,39.811,-5.257
TANZANIA,39.071,-5.092
TANZANIA,39.225,-6.222
THAILAND,100.607,13.912
THAILAND,99.917,14.102
THAILAND,100.663,14.874
THAILAND,101.005,12.68
THAILAND,102.315,13.769
THAILAND,100.286,19.497
THAILAND,99.504,18.272
THAILAND,100.164,18.132
THAILAND,99.951,12.634
THAILAND,100.296,15.277
THAILAND,101.254,16.821
THAILAND,98.545,16.7
THAILAND,100.137,15.673
THAILAND,100.279,16.783
THAILAND,100.235,17.674
THAILAND,99.058,17.234
THAILAND,101.743,6.52
THAILAND,98.986,8.099
THAILAND,100.608,7.186
THAILAND,101.153,6.785
THAILAND,100.062,9.548
THAILAND,99.956,8.471
THAILAND,98.317,8.113
THAILAND,98.585,9.778
THAILAND,100.393,6.933
THAILAND,99.616,7.509
THAILAND,101.242,6.527
THAILAND,102.788,17.386
THAILAND,104.119,17.195
THAILAND,103.489,14.869
THAILAND,101.722,17.439
THAILAND,102.079,14.934
THAILAND,104.777,17.412
THAILAND,104.643,17.384
TOGO,1.091,9.767
TOGO,1.254,6.166
TONGA,-175.15,-21.241
TONGA,-174.341,-19.777
TONGA,-173.963,-18.585
TRINIDAD & TOBAGO,-60.832,11.149
TRINIDAD & TOBAGO,-61.337,10.595
TUAMOTU ISLANDS,-146.885,-15.663
TUAMOTU ISLANDS,-146.616,-15.248
TUAMOTU ISLANDS,-140.946,-18.075
TUNISIA,10.755,35.758
TUNISIA,10.227,36.851
TUNISIA,9.791,37.245
TUNISIA,10.382,32.306
TUNISIA,8.822,34.422
TUNISIA,10.103,33.877
TUNISIA,9.943,36.721
TUNISIA,10.775,33.875
TUNISIA,9.254,31.704
TUNISIA,10.691,34.718
TUNISIA,8.111,33.94
TURKEY,32,40
TURKEY,32.741,39.935
TURKEY,32.995,40.128
TURKEY,32.689,39.95
TURKEY,32.566,40.079
TURKEY,35.28,36.982
TURKEY,35.426,37.002
TURKEY,30.601,38.726
TURKEY,30.792,36.901
TURKEY,37.479,36.948
TURKEY,36.154,36.573
TURKEY,33.796,41.314
TURKEY,32.562,37.979
TURKEY,35.522,40.829
TURKEY,36.304,41.276
TURKEY,36.903,39.814
TURKEY,32.1,41.516
TURKEY,38.092,38.436
TURKEY,35.495,38.77
TURKEY,31.365,39.451
TURKEY,36.368,40.305
TURKEY,31.415,41.254
TURKEY,29.701,37.785
TURKEY,34.534,38.772
TURKEY,28.821,40.977
TURKEY,27.886,37.816
TURKEY,29.009,40.232
TURKEY,27.925,39.619
TURKEY,27.977,40.318
TURKEY,26.427,40.138
TURKEY,30.582,39.784
TURKEY,27.157,38.292
TURKEY,27.16,38.319
TURKEY,27.01,38.513
TURKEY,30.582,37.785
TURKEY,30.016,39.427
TURKEY,29.471,38.681
TURKEY,29.379,40.683
TURKEY,30.083,40.735
TURKEY,29.563,40.255
TURKEY,28.793,36.713
TURKEY,27.834,38.809
TURKEY,27.919,41.138
TURKEY,29.216,40.993
TURKEY,30.519,39.81
TURKEY,39.291,38.607
TURKEY,40.201,37.894
TURKEY,39.526,39.71
TURKEY,41.17,39.956
TURKEY,43.115,40.562
TURKEY,39.79,40.995
TURKEY,38.846,37.092
TURKEY,43.332,38.468
TURKEY,41.116,37.929
TURKEY,41.661,38.754
TURKEY,41.84,37.979
TURKEY,35.079,42.019
TURKEY,26.977,38.517
TURKEY,27.329,37.951
TURKS & CAICOS I.,-71.939,21.917
TURKS & CAICOS I.,-72.266,21.774
TURKS & CAICOS I.,-71.528,21.516
TUVALU ISLAND,179.217,-8.517
UGANDA,32.443,0.042
UGANDA,32.272,2.806
UGANDA,33.623,1.728
UK,-2.057,51.668
UK,-1.096,52.041
UK,-0.858,53.56
UK,-1.993,51.505
UK,-3.436,51.405
UK,-2.639,51.009
UK,0.939,50.956
UK,-2.883,53.745
UK,-2.533,52.871
UK,-4.373,53.258
UK,-2.668,52.798
UK,-4.535,53.248
UK,-3.055,53.581
UK,-4.948,54.851
UK,-1.296,59.879
UK,-3.093,58.459
UK,-2.2,57.204
UK,-4.05,57.54
UK,-4.433,55.872
UK,-3.373,55.95
UK,-6.257,55.682
UK,-4.587,55.508
UK,-7.363,57.481
UK,-1.298,60.432
UK,-3.026,56.453
UK,-6.329,58.214
UK,-6.869,56.499
UK,-2.868,56.373
UK,-3.339,57.705
UK,0.154,51.722
UK,0.956,52.127
UK,-0.108,52.357
UK,-0.943,51.234
UK,-0.418,51.553
UK,-0.551,53.307
UK,-0.476,52.613
UK,-0.524,53.166
UK,-1.382,54.206
UK,0.55,52.648
UNITED ARAB EMIRATES,54.651,24.433
UNITED ARAB EMIRATES,54.458,24.428
UNITED ARAB EMIRATES,52.463,24.074
UNITED ARAB EMIRATES,52.614,24.187
UNITED ARAB EMIRATES,55.609,24.262
UNITED ARAB EMIRATES,54.547,24.248
UNITED ARAB EMIRATES,52.56,24.78
UNITED ARAB EMIRATES,52.874,25.146
UNITED ARAB EMIRATES,53.078,24.861
UNITED ARAB EMIRATES,55.364,25.255
UNITED ARAB EMIRATES,56.324,25.112
UNITED ARAB EMIRATES,55.939,25.613
UNITED ARAB EMIRATES,55.517,25.328
URUGUAY,-56.264,-34.789
URUGUAY,-56.508,-30.401
URUGUAY,-57.771,-34.456
URUGUAY,-56.499,-33.359
URUGUAY,-55.094,-34.855
URUGUAY,-54.217,-32.338
URUGUAY,-56.03,-34.838
URUGUAY,-54.921,-34.914
URUGUAY,-58.061,-32.365
URUGUAY,-55.476,-30.974
URUGUAY,-57.991,-31.44
URUGUAY,-55.926,-31.749
USA,-99.682,32.411
USA,-70.06,41.253
USA,-97.23,31.611
USA,-74.577,39.458
USA,-97.019,34.303
USA,-76.867,38.811
USA,-92.548,31.327
USA,-81.964,33.37
USA,-81.467,41.038
USA,-73.803,42.748
USA,-98.027,27.741
USA,-101.706,35.219
USA,-85.858,33.588
USA,-82.709,34.495
USA,-78.32,40.296
USA,-76.169,39.466
USA,-91.884,30.038
USA,-76.022,43.992
USA,-84.427,33.64
USA,-69.797,44.321
USA,-97.67,30.194
USA,-121.436,39.136
USA,-93.663,32.502
USA,-80.107,26.378
USA,-94.612,48.728
USA,-72.683,41.939
USA,-73.126,41.163
USA,-71.289,42.47
USA,-122.302,47.53
USA,-119.057,35.433
USA,-88.068,30.626
USA,-68.828,44.807
USA,-86.753,33.563
USA,-106.38,31.849
USA,-88.924,30.411
USA,-104.751,39.702
USA,-122.537,48.792
USA,-89.835,38.545
USA,-86.678,36.124
USA,-116.223,43.564
USA,-71.005,42.364
USA,-94.021,29.951
USA,-97.426,25.907
USA,-91.149,30.533
USA,-73.153,44.472
USA,-78.732,42.94
USA,-118.359,34.201
USA,-76.668,39.175
USA,-89.943,35.964
USA,-116.63,35.28
USA,-81.119,33.939
USA,-68.018,46.871
USA,-88.444,33.644
USA,-113.099,37.701
USA,-100.288,34.434
USA,-72.534,42.198
USA,-86.522,30.779
USA,-96.331,30.716
USA,-85.204,35.035
USA,-80.04,32.899
USA,-121.858,39.795
USA,-81.85,41.412
USA,-96.364,30.588
USA,-80.943,35.214
USA,-82.892,39.998
USA,-104.263,32.337
USA,-97.074,31.638
USA,-80.61,28.235
USA,-104.7,38.806
USA,-99.22,28.458
USA,-92.219,38.818
USA,-106.464,42.908
USA,-97.501,27.77
USA,-112.376,48.608
USA,-84.662,39.046
USA,-103.322,34.383
USA,-115.513,32.669
USA,-95.414,30.352
USA,-104.812,41.156
USA,-96.852,32.847
USA,-84.219,39.902
USA,-77.037,38.852
USA,-104.667,39.858
USA,-83.01,42.409
USA,-97.037,32.896
USA,-85.449,31.321
USA,-102.547,36.023
USA,-100.778,29.359
USA,-92.194,46.842
USA,-110.883,32.166
USA,-75.466,39.13
USA,-88.249,41.908
USA,-93.34,30.832
USA,-107.754,37.151
USA,-100.926,29.373
USA,-93.663,41.534
USA,-83.353,42.212
USA,-109.604,31.469
USA,-99.854,32.421
USA,-76.174,36.261
USA,-117.884,34.905
USA,-95.159,29.607
USA,-100.479,28.7
USA,-79.857,38.889
USA,-92.813,33.221
USA,-106.378,31.807
USA,-97.916,36.34
USA,-114.031,40.719
USA,-92.296,31.395
USA,-77.043,35.073
USA,-74.169,40.692
USA,-81.759,24.556
USA,-76.609,37.133
USA,-119.718,36.776
USA,-104.756,38.678
USA,-84.048,39.826
USA,-110.344,31.588
USA,-80.153,26.072
USA,-79.724,34.185
USA,-94.914,39.368
USA,-76.759,39.085
USA,-70.521,41.658
USA,-108.23,36.741
USA,-81.863,26.586
USA,-94.193,42.551
USA,-95.664,38.951
USA,-72.632,40.844
USA,-96.764,39.055
USA,-98.402,34.65
USA,-94.367,35.336
USA,-85.972,37.907
USA,-97.362,32.82
USA,-80.171,26.197
USA,-94.17,36.005
USA,-99.776,36.295
USA,-100.724,37.927
USA,-117.534,47.62
USA,-97.176,47.949
USA,-94.711,32.385
USA,-94.86,29.265
USA,-107.901,35.165
USA,-82.272,29.69
USA,-88.129,44.485
USA,-122.581,47.079
USA,-97.829,31.067
USA,-85.523,42.881
USA,-77.961,35.339
USA,-75.719,44.056
USA,-111.371,47.482
USA,-86.152,40.648
USA,-96.065,33.068
USA,-94.561,38.843
USA,-90.084,33.494
USA,-99.051,34.991
USA,-72.65,41.736
USA,-118.335,33.923
USA,-92.839,47.386
USA,-111.973,41.124
USA,-81.389,35.741
USA,-111.983,46.607
USA,-97.714,31.139
USA,-106.106,32.852
USA,-103.217,32.688
USA,-98.228,44.385
USA,-87.496,36.668
USA,-95.279,29.645
USA,-73.707,41.067
USA,-97.654,26.228
USA,-93.155,36.261
USA,-86.689,30.428
USA,-80.384,25.488
USA,-84.671,44.36
USA,-86.685,34.679
USA,-87.307,39.451
USA,-67.792,46.123
USA,-109.762,48.543
USA,-80.24,26.001
USA,-97.267,37.623
USA,-77.456,38.944
USA,-78.946,43.107
USA,-95.34,29.98
USA,-97.433,37.65
USA,-87.846,41.071
USA,-106.609,35.04
USA,-75.606,39.679
USA,-77.903,34.271
USA,-86.294,39.717
USA,-103.201,31.779
USA,-93.403,48.566
USA,-115.673,36.587
USA,-80.222,36.134
USA,-115.579,32.834
USA,-76.921,41.242
USA,-103.642,48.178
USA,-73.1,40.795
USA,-90.076,32.311
USA,-81.688,30.494
USA,-90.646,35.832
USA,-73.779,40.64
USA,-84.587,42.779
USA,-115.152,36.08
USA,-118.408,33.942
USA,-101.823,33.664
USA,-93.223,30.126
USA,-82.928,39.814
USA,-76.36,37.083
USA,-94.75,31.234
USA,-91.987,30.205
USA,-73.872,40.777
USA,-118.151,33.818
USA,-81.562,31.889
USA,-92.224,34.729
USA,-80.085,26.593
USA,-96.759,40.851
USA,-85.664,38.228
USA,-99.461,27.544
USA,-92.146,34.918
USA,-84.991,32.337
USA,-115.034,36.236
USA,-99.267,34.667
USA,-112.383,33.535
USA,-84.419,39.103
USA,-102.202,31.942
USA,-121.401,38.667
USA,-82.521,27.849
USA,-94.714,39.297
USA,-83.649,32.693
USA,-81.316,28.429
USA,-76.763,40.193
USA,-87.752,41.786
USA,-89.977,35.042
USA,-120.568,37.38
USA,-98.239,26.176
USA,-84.516,33.915
USA,-121.297,38.554
USA,-80.291,25.793
USA,-101.357,48.416
USA,-75.072,39.368
USA,-87.896,42.947
USA,-88.916,35.6
USA,-95.361,35.657
USA,-80.645,28.103
USA,-95.783,34.882
USA,-68.686,45.648
USA,-92.037,32.511
USA,-123.136,45.194
USA,-87.638,45.126
USA,-88.243,30.691
USA,-120.954,37.626
USA,-101.28,48.259
USA,-72.562,44.203
USA,-87.562,46.534
USA,-89.337,43.14
USA,-93.217,44.88
USA,-74.845,44.936
USA,-90.258,29.993
USA,-82.832,42.613
USA,-76.569,40.435
USA,-115.872,43.043
USA,-119.32,47.208
USA,-98.06,32.781
USA,-86.362,32.379
USA,-78.928,33.68
USA,-80.723,32.477
USA,-90.035,29.825
USA,-77.439,34.708
USA,-74.353,40.033
USA,-118.701,39.416
USA,-76.289,36.938
USA,-76.412,38.286
USA,-117.691,35.688
USA,-81.681,30.236
USA,-115.672,32.829
USA,-76.881,34.902
USA,-117.143,32.868
USA,-119.952,36.333
USA,-88.556,32.552
USA,-123.414,48.141
USA,-87.319,30.353
USA,-89.87,35.357
USA,-97.81,27.507
USA,-81.689,24.576
USA,-87.022,30.724
USA,-119.121,34.12
USA,-117.827,33.706
USA,-76.033,36.821
USA,-122.048,37.415
USA,-122.656,48.352
USA,-116.162,34.296
USA,-75.148,40.2
USA,-77.305,38.502
USA,-81.876,30.219
USA,-117.215,32.699
USA,-122.221,37.721
USA,-95.913,41.118
USA,-75.466,44.682
USA,-97.601,35.393
USA,-110.848,31.418
USA,-95.894,41.302
USA,-117.601,34.056
USA,-80.278,25.907
USA,-87.904,41.979
USA,-76.201,36.894
USA,-81.333,28.545
USA,-83.394,44.451
USA,-122.281,47.906
USA,-85.576,30.07
USA,-91.934,34.175
USA,-73.468,44.651
USA,-80.096,26.683
USA,-122.597,45.589
USA,-76.493,37.132
USA,-75.241,39.872
USA,-82.529,42.911
USA,-112.008,33.434
USA,-82.687,27.911
USA,-80.233,40.491
USA,-97.241,48.942
USA,-118.084,34.629
USA,-97.1,36.731
USA,-75.011,40.082
USA,-93.608,45.56
USA,-87.187,30.473
USA,-79.014,35.171
USA,-93.191,31.045
USA,-68.045,46.689
USA,-112.419,34.654
USA,-116.507,33.829
USA,-96.251,28.727
USA,-104.496,38.289
USA,-71.428,41.724
USA,-70.309,43.646
USA,-117.445,33.952
USA,-92.3,34.85
USA,-103.103,44.145
USA,-97.401,47.961
USA,-78.787,35.877
USA,-77.319,37.505
USA,-121.102,38.489
USA,-117.259,33.881
USA,-75.407,43.234
USA,-98.279,29.529
USA,-119.768,39.498
USA,-77.672,43.119
USA,-104.531,33.301
USA,-81.755,26.536
USA,-121.493,38.513
USA,-106.088,35.617
USA,-117.189,32.733
USA,-98.47,29.534
USA,-81.202,32.127
USA,-87.396,46.354
USA,-82.369,32.608
USA,-75.51,38.34
USA,-121.239,37.894
USA,-122.309,47.449
USA,-86.988,32.344
USA,-117.322,47.683
USA,-122.375,37.619
USA,-71.491,41.921
USA,-93.826,32.446
USA,-121.929,37.362
USA,-100.496,31.358
USA,-117.656,47.615
USA,-98.581,29.384
USA,-82.652,41.433
USA,-111.978,40.788
USA,-121.591,38.695
USA,-117.868,33.676
USA,-122.862,45.773
USA,-82.627,27.765
USA,-98.492,33.989
USA,-80.473,33.973
USA,-90.36,38.748
USA,-121.927,38.263
USA,-96.384,42.402
USA,-81.146,32.01
USA,-74.105,41.504
USA,-76.106,43.111
USA,-93.548,38.73
USA,-92.141,37.741
USA,-103.603,35.183
USA,-122.476,47.138
USA,-107.272,33.237
USA,-74.061,40.85
USA,-97.386,35.415
USA,-84.35,30.396
USA,-80.433,25.648
USA,-80.897,25.862
USA,-116.779,37.794
USA,-82.533,27.975
USA,-74.813,40.277
USA,-95.888,36.198
USA,-110.941,32.116
USA,-93.991,33.454
USA,-95.402,32.354
USA,-83.993,35.812
USA,-87.868,42.422
USA,-83.193,30.968
USA,-120.577,34.729
USA,-117.379,34.593
USA,-86.525,30.483
USA,-80.418,27.656
USA,-75.466,37.94
USA,-83.592,32.64
USA,-74.594,40.016
USA,-106.403,32.341
USA,-74.908,39.008
USA,-83.53,42.238
USA,-80.679,41.261
USA,-114.606,32.656
USA,-108.792,35.083
USA,-149.089,61.595
USA,-143.577,70.134
USA,-161.838,60.78
USA,-145.721,63.994
USA,-155.257,59.362
USA,-156.766,71.285
USA,-151.528,66.915
USA,-162.724,55.206
USA,-149.12,64.301
USA,-145.477,60.492
USA,-166.039,61.78
USA,-176.646,51.878
USA,-158.503,59.045
USA,-152.494,57.75
USA,-166.543,53.9
USA,-149.806,61.251
USA,-162.061,58.647
USA,-147.101,64.666
USA,-151.245,60.573
USA,-147.856,64.815
USA,-147.614,64.837
USA,-149.653,61.266
USA,-156.937,64.736
USA,-145.456,62.155
USA,-135.316,59.46
USA,-151.476,59.646
USA,-154.911,59.754
USA,-153.704,65.993
USA,-134.576,58.355
USA,-156.649,58.677
USA,-131.714,55.356
USA,-166.11,68.875
USA,-155.606,62.953
USA,-146.309,59.45
USA,-149.846,61.214
USA,-149.996,61.174
USA,-131.572,55.042
USA,-165.445,64.512
USA,-141.929,62.961
USA,-162.598,66.884
USA,-169.661,56.578
USA,-161.819,59.011
USA,-148.465,70.195
USA,-135.361,57.047
USA,-170.22,57.167
USA,-155.574,61.097
USA,174.114,52.712
USA,-152.109,65.174
USA,-167.922,65.563
USA,-150.094,62.32
USA,-155.976,62.894
USA,-160.799,63.888
USA,-146.248,61.134
USA,-159.86,70.613
USA,-139.66,59.503
USA,-145.25,66.571
USA,-159.787,22.022
USA,-158.21,21.579
USA,-158.039,21.483
USA,-156.014,20.796
USA,-156.674,20.963
USA,-156.046,19.739
USA,-159.339,21.976
USA,-157.096,21.153
USA,-155.668,20.001
USA,-157.768,21.449
USA,-157.927,21.316
USA,-156.951,20.786
USA,-156.431,20.899
USA,-155.554,19.76
USA,-155.049,19.72
USA,-155.86,20.265
USA,-149.879,70.499
USA,-163.005,69.733
UZBEKISTAN,69.282,41.257
VANUATU,167.222,-15.501
VANUATU,168.32,-17.699
VENEZUELA,-69.238,9.553
VENEZUELA,-64.471,9.429
VENEZUELA,-67.701,4.052
VENEZUELA,-64.689,10.107
VENEZUELA,-70.221,8.619
VENEZUELA,-67.557,10.183
VENEZUELA,-69.358,10.043
VENEZUELA,-67.649,10.25
VENEZUELA,-63.537,8.122
VENEZUELA,-66.165,7.626
VENEZUELA,-68.575,9.649
VENEZUELA,-67.417,8.924
VENEZUELA,-62.854,6.232
VENEZUELA,-70.065,10.176
VENEZUELA,-63.262,10.66
VENEZUELA,-69.681,11.415
VENEZUELA,-66.816,10.286
VENEZUELA,-64.13,10.45
VENEZUELA,-66.923,9.372
VENEZUELA,-61.639,6.715
VENEZUELA,-69.497,7.06
VENEZUELA,-70.756,7.211
VENEZUELA,-62.313,10.574
VENEZUELA,-69.755,9.027
VENEZUELA,-66.093,10.462
VENEZUELA,-63.981,10.794
VENEZUELA,-70.152,11.781
VENEZUELA,-67.379,9.907
VENEZUELA,-72.271,8.239
VENEZUELA,-66.179,11.809
VENEZUELA,-71.728,10.558
VENEZUELA,-71.161,8.582
VENEZUELA,-63.966,10.912
VENEZUELA,-66.991,10.603
VENEZUELA,-63.152,9.749
VENEZUELA,-67.606,5.62
VENEZUELA,-68.073,10.48
VENEZUELA,-72.203,7.801
VENEZUELA,-62.76,8.288
VENEZUELA,-70.174,7.576
VENEZUELA,-72.435,7.852
VENEZUELA,-71.166,7.803
VENEZUELA,-72.035,7.565
VENEZUELA,-68.755,10.279
VENEZUELA,-67.444,7.883
VENEZUELA,-64.151,8.945
VENEZUELA,-71.943,8.974
VENEZUELA,-62.094,9.089
VENEZUELA,-61.529,7.249
VENEZUELA,-67.927,10.158
VENEZUELA,-71.673,8.624
VENEZUELA,-70.584,9.341
VENEZUELA,-65.993,9.222
VIET NAM,108.199,16.044
VIET NAM,105.806,21.222
VIET NAM,109.2,12.218
VIET NAM,106.662,10.82
VIRGIN ISL.,-64.973,18.337
VIRGIN ISL.,-64.798,17.702
VIRGIN ISL.,-64.543,18.445
WALES,-3.343,51.397
WALLIS & FUTUNA,-176.199,-13.238
WEST TIMOR,126.399,-8.485
YUGOSLAVIA,20.309,44.818
YUGOSLAVIA,19.252,42.359
YUGOSLAVIA,21.036,42.573
YUGOSLAVIA,18.723,42.404
YUGOSLAVIA,21.31,45.147
ZAIRE,15.444,-4.386
ZAIRE,15.328,-4.325
ZAIRE,12.352,-5.931
ZAIRE,12.447,-5.918
ZAIRE,13.441,-5.799
ZAIRE,17.382,-3.311
ZAIRE,18.786,-5.036
ZAIRE,18.289,0.022
ZAIRE,20.975,4.253
ZAIRE,19.771,3.235
ZAIRE,21.651,4.158
ZAIRE,21.497,2.171
ZAIRE,25.155,0.518
ZAIRE,27.588,2.827
ZAIRE,30.221,1.566
ZAIRE,24.794,2.818
ZAIRE,28.809,-2.309
ZAIRE,29.238,-1.671
ZAIRE,25.915,-2.919
ZAIRE,27.531,-11.591
ZAIRE,25.506,-10.766
ZAIRE,29.25,-5.876
ZAIRE,25.253,-8.642
ZAIRE,25.759,-9.469
ZAIRE,22.469,-5.9
ZAIRE,23.569,-6.121
ZAMBIA,27.894,-12.573
ZAMBIA,22.648,-14.997
ZAMBIA,25.822,-17.822
ZAMBIA,28.453,-15.331
ZAMBIA,28.875,-11.138
ZAMBIA,31.936,-13.259
ZAMBIA,23.162,-15.254
ZAMBIA,28.299,-12.565
ZAMBIA,28.665,-12.998
ZAMBIA,28.15,-12.9
ZAMBIA,23.11,-13.539
ZIMBABWE,28.618,-20.017
ZIMBABWE,30.924,-17.751
ZIMBABWE,31.578,-21.008
ZIMBABWE,25.839,-18.096
ZIMBABWE,32.451,-18.977
ZIMBABWE,31.093,-17.932
ZIMBABWE,28.885,-16.52
ZIMBABWE,32.184,-17.432
ZIMBABWE,32.627,-18.998
ZIMBABWE,30.859,-20.055
ZIMBABWE,30.088,-20.289
ZIMBABWE,29.862,-19.437
ZIMBABWE,27.021,-18.63
ZIMBABWE,29.722,-19.029
